date,difficulty,market_price
2009-01-03,1.0,0.0
2009-01-07,0.0,0.0
2009-01-11,1.0,0.0
2009-01-15,1.0,0.0
2009-01-19,1.0,0.0
2009-01-23,1.0,0.0
2009-01-27,1.0,0.0
2009-01-31,1.0,0.0
2009-02-04,1.0,0.0
2009-02-08,1.0,0.0
2009-02-12,1.0,0.0
2009-02-16,1.0,0.0
2009-02-20,1.0,0.0
2009-02-24,1.0,0.0
2009-02-28,1.0,0.0
2009-03-04,1.0,0.0
2009-03-08,1.0,0.0
2009-03-12,1.0,0.0
2009-03-16,1.0,0.0
2009-03-20,1.0,0.0
2009-03-24,1.0,0.0
2009-03-28,1.0,0.0
2009-04-01,1.0,0.0
2009-04-05,1.0,0.0
2009-04-09,1.0,0.0
2009-04-13,1.0,0.0
2009-04-17,1.0,0.0
2009-04-21,1.0,0.0
2009-04-25,1.0,0.0
2009-04-29,1.0,0.0
2009-05-03,1.0,0.0
2009-05-07,1.0,0.0
2009-05-11,1.0,0.0
2009-05-15,1.0,0.0
2009-05-19,1.0,0.0
2009-05-23,1.0,0.0
2009-05-27,1.0,0.0
2009-05-31,1.0,0.0
2009-06-04,1.0,0.0
2009-06-08,1.0,0.0
2009-06-12,1.0,0.0
2009-06-16,1.0,0.0
2009-06-20,1.0,0.0
2009-06-24,1.0,0.0
2009-06-28,1.0,0.0
2009-07-02,1.0,0.0
2009-07-06,1.0,0.0
2009-07-10,1.0,0.0
2009-07-14,1.0,0.0
2009-07-18,1.0,0.0
2009-07-22,1.0,0.0
2009-07-26,1.0,0.0
2009-07-30,1.0,0.0
2009-08-03,1.0,0.0
2009-08-07,1.0,0.0
2009-08-11,1.0,0.0
2009-08-15,1.0,0.0
2009-08-19,1.0,0.0
2009-08-23,1.0,0.0
2009-08-27,1.0,0.0
2009-08-31,1.0,0.0
2009-09-04,1.0,0.0
2009-09-08,1.0,0.0
2009-09-12,1.0,0.0
2009-09-16,1.0,0.0
2009-09-20,1.0,0.0
2009-09-24,1.0,0.0
2009-09-28,1.0,0.0
2009-10-02,1.0,0.0
2009-10-06,1.0,0.0
2009-10-10,1.0,0.0
2009-10-14,1.0,0.0
2009-10-18,1.0,0.0
2009-10-22,1.0,0.0
2009-10-26,1.0,0.0
2009-10-30,1.0,0.0
2009-11-03,1.0,0.0
2009-11-07,1.0,0.0
2009-11-11,1.0,0.0
2009-11-15,1.0,0.0
2009-11-19,1.0,0.0
2009-11-23,1.0,0.0
2009-11-27,1.0,0.0
2009-12-01,1.0,0.0
2009-12-05,1.0,0.0
2009-12-09,1.0,0.0
2009-12-13,1.0,0.0
2009-12-17,1.0,0.0
2009-12-21,1.0,0.0
2009-12-25,1.0,0.0
2009-12-29,1.0,0.0
2010-01-02,1.18289953431284,0.0
2010-01-06,1.18289953431284,0.0
2010-01-10,1.18289953431284,0.0
2010-01-14,1.30506213159152,0.0
2010-01-18,1.30506213159152,0.0
2010-01-22,1.30506213159152,0.0
2010-01-26,1.34422497077103,0.0
2010-01-30,1.34422497077103,0.0
2010-02-03,1.34422497077103,0.0
2010-02-07,1.81864853614541,0.0
2010-02-11,1.81864853614541,0.0
2010-02-15,2.52773821507236,0.0
2010-02-19,2.52773821507236,0.0
2010-02-23,2.52773821507236,0.0
2010-02-27,3.78117925203377,0.0
2010-03-03,3.78117925203377,0.0
2010-03-07,3.78117925203377,0.0
2010-03-11,4.53108175007069,0.0
2010-03-15,4.53108175007069,0.0
2010-03-19,4.53108175007069,0.0
2010-03-23,4.56516291033707,0.0
2010-03-27,4.56516291033707,0.0
2010-03-31,4.56516291033707,0.0
2010-04-04,6.08547690600079,0.0
2010-04-08,6.08547690600079,0.0
2010-04-12,7.81979699335383,0.0
2010-04-16,7.81979699335383,0.0
2010-04-20,7.81979699335383,0.0
2010-04-24,11.4643158055141,0.0
2010-04-28,11.4643158055141,0.0
2010-05-02,11.4643158055141,0.0
2010-05-06,12.8491831478238,0.0
2010-05-10,12.8491831478238,0.0
2010-05-14,12.8491831478238,0.0
2010-05-18,12.8491831478238,0.0
2010-05-22,11.8462281497047,0.0
2010-05-26,11.8462281497047,0.0
2010-05-30,16.6190787518574,0.0
2010-06-03,16.6190787518574,0.0
2010-06-07,16.6190787518574,0.0
2010-06-11,16.6190787518574,0.0
2010-06-15,17.3814881581401,0.0
2010-06-19,17.3814881581401,0.0
2010-06-23,17.3814881581401,0.0
2010-06-27,19.4047963283822,0.0
2010-07-01,19.4047963283822,0.0
2010-07-05,19.4047963283822,0.0
2010-07-09,23.5012572229032,0.0
2010-07-13,45.3858223410126,0.0
2010-07-17,181.543289364051,0.0
2010-07-21,181.543289364051,0.0
2010-07-25,181.543289364051,0.0
2010-07-29,244.213223092375,0.0
2010-08-02,244.213223092375,0.0
2010-08-06,352.16120906801,0.0
2010-08-10,352.16120906801,0.0
2010-08-14,352.16120906801,0.0
2010-08-18,511.773534256604,0.07
2010-08-22,511.773534256604,0.07
2010-08-26,511.773534256604,0.07
2010-08-30,623.386959868928,0.07
2010-09-03,623.386959868928,0.06
2010-09-07,623.386959868928,0.06
2010-09-11,712.884864552097,0.06
2010-09-15,712.884864552097,0.09
2010-09-19,917.830741301512,0.06
2010-09-23,917.830741301512,0.06
2010-09-27,917.830741301512,0.06
2010-10-01,1318.67005015359,0.06
2010-10-05,1318.67005015359,0.06
2010-10-09,1318.67005015359,0.1
2010-10-13,1378.02816503733,0.1
2010-10-17,1378.02816503733,0.11
2010-10-21,2149.02181494673,0.1
2010-10-25,2149.02181494673,0.18
2010-10-29,2149.02181494673,0.19
2010-11-02,3091.7368904118,0.2
2010-11-06,3091.7368904118,0.25
2010-11-10,4536.35372327504,0.32
2010-11-14,4536.35372327504,0.3
2010-11-18,4536.35372327504,0.28
2010-11-22,6866.89864897274,0.29
2010-11-26,6866.89864897274,0.28
2010-11-30,8078.19525792509,0.28
2010-12-04,8078.19525792509,0.26
2010-12-08,8078.19525792509,0.23
2010-12-12,12251.9997603745,0.23
2010-12-16,12251.9997603745,0.25
2010-12-20,12251.9997603745,0.26
2010-12-24,14484.1623612254,0.25
2010-12-28,14484.1623612254,0.27
2011-01-01,14484.1623612254,0.3
2011-01-05,16307.420938524,0.3
2011-01-09,16307.420938524,0.32
2011-01-13,16307.420938524,0.36
2011-01-17,18437.6443921663,0.4
2011-01-21,18437.6443921663,0.38
2011-01-25,18437.6443921663,0.44
2011-01-29,22012.3813379939,0.45
2011-02-02,22012.3813379939,0.92
2011-02-06,22012.3813379939,0.92
2011-02-10,25997.8799288144,0.97
2011-02-14,25997.8799288144,1.08
2011-02-18,36459.8869250751,1.05
2011-02-22,36459.8869250751,0.88
2011-02-26,36459.8869250751,1.0
2011-03-02,55589.5181268687,0.97
2011-03-06,55589.5181268687,0.92
2011-03-10,76192.6193475137,0.88
2011-03-14,76192.6193475137,0.91
2011-03-18,76192.6193475137,0.87
2011-03-22,76192.6193475137,0.79
2011-03-26,68977.7846302096,0.89
2011-03-30,68977.7846302096,0.8
2011-04-03,68977.7846302096,0.8
2011-04-07,82345.6441129666,0.75
2011-04-11,82345.6441129666,0.76
2011-04-15,82345.6441129666,0.98
2011-04-19,92347.5909520943,1.2
2011-04-23,92347.5909520943,1.38
2011-04-27,92347.5909520943,1.78
2011-05-01,109670.133292477,4.14
2011-05-05,109670.133292477,3.56
2011-05-09,109670.133292477,3.91
2011-05-13,157416.401843649,6.55
2011-05-17,157416.401843649,8.47
2011-05-21,244112.487774336,6.98
2011-05-25,244112.487774336,7.27
2011-05-29,434877.045527628,8.68
2011-06-02,434877.045527628,9.67
2011-06-06,567269.530162422,19.05
2011-06-10,567269.530162422,32.34
2011-06-14,567269.530162422,23.66
2011-06-18,876954.493513537,18.87
2011-06-22,876954.493513537,15.39
2011-06-26,1379192.28822808,17.58
2011-06-30,1379192.28822808,17.35
2011-07-04,1379192.28822808,15.74
2011-07-08,1563027.99611622,16.1
2011-07-12,1563027.99611622,15.07
2011-07-16,1563027.99611622,14.25
2011-07-20,1690895.80305239,14.54
2011-07-24,1690895.80305239,13.93
2011-07-28,1690895.80305239,14.1
2011-08-01,1888786.70535305,14.58
2011-08-05,1888786.70535305,11.5
2011-08-09,1888786.70535305,9.66
2011-08-13,1888786.70535305,9.93
2011-08-17,1805700.83619367,11.36
2011-08-21,1805700.83619367,11.75
2011-08-25,1805700.83619367,11.3
2011-08-29,1805700.83619367,9.48
2011-09-02,1777774.48200146,8.46
2011-09-06,1777774.48200146,8.27
2011-09-10,1777774.48200146,6.76
2011-09-14,1755425.3203287,6.19
2011-09-18,1755425.3203287,5.02
2011-09-22,1755425.3203287,6.18
2011-09-26,1755425.3203287,5.49
2011-09-30,1689334.4045971,4.94
2011-10-04,1689334.4045971,5.06
2011-10-08,1689334.4045971,4.79
2011-10-12,1689334.4045971,4.16
2011-10-16,1468195.42722083,4.01
2011-10-20,1468195.42722083,2.59
2011-10-24,1468195.42722083,3.32
2011-10-28,1468195.42722083,3.1
2011-11-01,1203461.92637997,3.38
2011-11-05,1203461.92637997,3.22
2011-11-09,1203461.92637997,3.19
2011-11-13,1203461.92637997,3.11
2011-11-17,1192497.75008948,2.6
2011-11-21,1192497.75008948,2.45
2011-11-25,1192497.75008948,2.48
2011-11-29,1192497.75008948,2.64
2011-12-03,1090715.68005127,3.14
2011-12-07,1090715.68005127,3.06
2011-12-11,1090715.68005127,3.12
2011-12-15,1155038.33396364,3.26
2011-12-19,1155038.33396364,3.36
2011-12-23,1155038.33396364,3.98
2011-12-27,1159929.49722438,4.25
2011-12-31,1159929.49722438,4.47
2012-01-04,1159929.49722438,5.37
2012-01-08,1159929.49722438,7.06
2012-01-12,1250757.73927466,7.1
2012-01-16,1250757.73927466,7.04
2012-01-20,1250757.73927466,6.37
2012-01-24,1307728.36060407,6.47
2012-01-28,1307728.36060407,5.7
2012-02-01,1307728.36060407,5.65
2012-02-05,1379647.43921429,5.99
2012-02-09,1379647.43921429,5.84
2012-02-13,1379647.43921429,5.82
2012-02-17,1379647.43921429,4.74
2012-02-21,1376302.26788638,4.5
2012-02-25,1376302.26788638,5.17
2012-02-29,1376302.26788638,4.98
2012-03-04,1496978.59502557,4.81
2012-03-08,1496978.59502557,5.05
2012-03-12,1496978.59502557,4.98
2012-03-16,1498294.36281651,5.44
2012-03-20,1498294.36281651,5.23
2012-03-24,1498294.36281651,4.81
2012-03-28,1498294.36281651,4.77
2012-04-01,1626553.48132894,4.94
2012-04-05,1626553.48132894,4.96
2012-04-09,1626553.48132894,4.8
2012-04-13,1577913.48567673,4.97
2012-04-17,1577913.48567673,4.99
2012-04-21,1577913.48567673,5.24
2012-04-25,1577913.48567673,5.19
2012-04-29,1508589.67206029,5.09
2012-05-03,1508589.67206029,5.18
2012-05-07,1508589.67206029,5.1
2012-05-11,1733207.51384839,5.1
2012-05-15,1733207.51384839,5.05
2012-05-19,1733207.51384839,5.13
2012-05-23,1733207.51384839,5.13
2012-05-27,1591074.96184731,5.15
2012-05-31,1591074.96184731,5.18
2012-06-04,1591074.96184731,5.27
2012-06-08,1591074.96184731,5.56
2012-06-12,1583177.84744401,5.58
2012-06-16,1583177.84744401,6.27
2012-06-20,1726566.55919348,6.56
2012-06-24,1726566.55919348,6.64
2012-06-28,1726566.55919348,6.58
2012-07-02,1726566.55919348,6.71
2012-07-06,1751454.53534068,6.76
2012-07-10,1751454.53534068,6.98
2012-07-14,1751454.53534068,7.85
2012-07-18,1866391.30500321,9.47
2012-07-22,1866391.30500321,9.53
2012-07-26,1866391.30500321,8.8
2012-07-30,2036671.08869332,8.95
2012-08-03,2036671.08869332,10.12
2012-08-07,2036671.08869332,11.23
2012-08-11,2036671.08869332,11.6
2012-08-15,2190865.97010286,12.3
2012-08-19,2190865.97010286,14.48
2012-08-23,2190865.97010286,10.26
2012-08-27,2440642.60691596,10.99
2012-08-31,2440642.60691596,10.91
2012-09-04,2440642.60691596,10.52
2012-09-08,2694047.95295501,11.27
2012-09-12,2694047.95295501,11.24
2012-09-16,2694047.95295501,11.84
2012-09-20,2864140.50781097,12.63
2012-09-24,2864140.50781097,12.28
2012-09-28,2864140.50781097,12.46
2012-10-02,2864140.50781097,12.58
2012-10-06,3054627.52694864,12.97
2012-10-10,3054627.52694864,12.3
2012-10-14,3054627.52694864,12.1
2012-10-18,3072321.73202076,11.98
2012-10-22,3072321.73202076,11.8
2012-10-26,3072321.73202076,11.56
2012-10-30,3304356.39299034,10.93
2012-11-03,3304356.39299034,11.06
2012-11-07,3304356.39299034,10.97
2012-11-11,3304356.39299034,10.95
2012-11-15,3368767.14053294,11.07
2012-11-19,3368767.14053294,11.82
2012-11-23,3368767.14053294,12.32
2012-11-27,3438908.96015914,12.62
2012-12-01,3438908.96015914,12.66
2012-12-05,3438908.96015914,13.09
2012-12-09,3438908.96015914,13.55
2012-12-13,3370181.79927784,13.8
2012-12-17,3370181.79927784,13.63
2012-12-21,3370181.79927784,13.7
2012-12-25,3370181.79927784,13.45
2012-12-29,2979636.61693807,13.65
2013-01-02,2979636.61693807,13.52
2013-01-06,2979636.61693807,13.54
2013-01-10,3249549.58448721,13.99
2013-01-14,3249549.58448721,14.31
2013-01-18,3249549.58448721,15.53
2013-01-22,3249549.58448721,17.13
2013-01-26,2968775.33207507,18.54
2013-01-30,2968775.33207507,19.78
2013-02-03,2968775.33207507,21.0
2013-02-07,3275464.58656562,21.53
2013-02-11,3275464.58656562,23.97
2013-02-15,3275464.58656562,27.2
2013-02-19,3651011.63069321,26.98
2013-02-23,3651011.63069321,30.52
2013-02-27,3651011.63069321,31.2
2013-03-03,4367876.0008422,34.25
2013-03-07,4367876.0008422,42.0
2013-03-11,4367876.0008422,45.6
2013-03-15,4847647.15206561,46.86
2013-03-19,4847647.15206561,52.12
2013-03-23,4847647.15206561,70.25
2013-03-27,6695826.28259625,78.79
2013-03-31,6695826.28259625,92.5
2013-04-04,6695826.28259625,131.0
2013-04-08,7672999.92016414,163.3
2013-04-12,7672999.92016414,124.9
2013-04-16,7672999.92016414,68.1
2013-04-20,8974296.01488785,118.92
2013-04-24,8974296.01488785,142.5
2013-04-28,8974296.01488785,128.5
2013-05-02,10076292.8834187,117.0
2013-05-06,10076292.8834187,115.98
2013-05-10,10076292.8834187,112.69
2013-05-14,11187257.4613608,117.99
2013-05-18,11187257.4613608,123.32
2013-05-22,11187257.4613608,122.7
2013-05-26,12153411.7097758,131.99
2013-05-30,12153411.7097758,132.3
2013-06-03,12153411.7097758,122.42
2013-06-07,15605632.6812859,118.97
2013-06-11,15605632.6812859,106.1
2013-06-15,15605632.6812859,99.98
2013-06-19,19339258.2723867,107.39
2013-06-23,19339258.2723867,108.35
2013-06-27,19339258.2723867,104.0
2013-07-01,21335329.113983,97.25
2013-07-05,21335329.113983,80.04
2013-07-09,21335329.113983,76.49
2013-07-13,26162875.6825699,93.99
2013-07-17,26162875.6825699,97.05
2013-07-21,26162875.6825699,89.39
2013-07-25,31256960.7277689,94.51
2013-07-29,31256960.7277689,98.7
2013-08-02,31256960.7277689,104.62
2013-08-06,37392766.1364746,106.72
2013-08-10,37392766.1364746,102.8
2013-08-14,50810339.0482765,109.35
2013-08-18,50810339.0482765,99.71
2013-08-22,50810339.0482765,110.43
2013-08-26,65750060.1490848,113.28
2013-08-30,65750060.1490848,118.5
2013-09-03,65750060.1490848,130.09
2013-09-07,86933017.7711944,117.61
2013-09-11,86933017.7711944,122.02
2013-09-15,112628548.666347,124.05
2013-09-19,112628548.666347,127.12
2013-09-23,112628548.666347,122.93
2013-09-27,148819199.805093,124.65
2013-10-01,148819199.805093,126.25
2013-10-05,148819199.805093,121.94
2013-10-09,189281249.281033,124.12
2013-10-13,189281249.281033,127.59
2013-10-17,267731249.482421,138.19
2013-10-21,267731249.482421,186.12
2013-10-25,267731249.482421,195.33
2013-10-29,390928787.638086,206.9
2013-11-02,390928787.638086,203.0
2013-11-06,510929738.016152,252.59
2013-11-10,510929738.016152,330.0
2013-11-14,510929738.016152,393.0
2013-11-18,609482679.888355,475.0
2013-11-22,609482679.888355,716.77
2013-11-26,609482679.888355,814.56
2013-11-30,707408283.051497,1133.95
2013-12-04,707408283.051497,1050.21
2013-12-08,707408283.051497,705.91
2013-12-12,908350862.437022,876.88
2013-12-16,908350862.437022,862.98
2013-12-20,908350862.437022,685.3
2013-12-24,1180923195.25803,659.99
2013-12-28,1180923195.25803,723.98
2014-01-01,1180923195.25803,732.0
2014-01-05,1418481395.26264,828.74
2014-01-09,1418481395.26264,823.3
2014-01-13,1789546951.05324,844.04
2014-01-17,1789546951.05324,817.15
2014-01-21,1789546951.05324,827.81
2014-01-25,2193847870.17428,780.02
2014-01-29,2193847870.17428,785.6
2014-02-02,2193847870.17428,817.08
2014-02-06,2621404453.06462,781.0
2014-02-10,2621404453.06462,687.37
2014-02-14,2621404453.06462,610.0
2014-02-18,3129573174.52229,629.96
2014-02-22,3129573174.52229,579.5
2014-02-26,3129573174.52229,559.52
2014-03-02,3815723798.81463,567.48
2014-03-06,3815723798.81463,670.7
2014-03-10,3815723798.81463,639.9
2014-03-14,4250217919.86954,641.01
2014-03-18,4250217919.86954,624.71
2014-03-22,4250217919.86954,572.89
2014-03-26,5006860589.2054,585.79
2014-03-30,5006860589.2054,490.0
2014-04-03,5006860589.2054,439.12
2014-04-07,6119726089.12815,458.0
2014-04-11,6119726089.12815,369.0
2014-04-15,6119726089.12815,459.64
2014-04-19,6978842649.59238,482.11
2014-04-23,6978842649.59238,488.52
2014-04-27,6978842649.59238,461.48
2014-05-01,8000872135.96816,452.03
2014-05-05,8000872135.96816,436.75
2014-05-09,8000872135.96816,437.61
2014-05-13,8853416309.1278,442.45
2014-05-17,8853416309.1278,449.12
2014-05-21,8853416309.1278,488.12
2014-05-25,10455720138.4848,527.91
2014-05-29,10455720138.4848,581.0
2014-06-02,10455720138.4848,630.71
2014-06-06,11756551916.904,661.48
2014-06-10,11756551916.904,648.81
2014-06-14,11756551916.904,591.55
2014-06-18,13462580114.5253,608.0
2014-06-22,13462580114.5253,590.96
2014-06-26,13462580114.5253,560.76
2014-06-30,16818461371.1611,599.99
2014-07-04,16818461371.1611,645.35
2014-07-08,16818461371.1611,624.35
2014-07-12,16818461371.1611,634.0
2014-07-16,17336316978.5078,624.07
2014-07-20,17336316978.5078,630.0
2014-07-24,17336316978.5078,620.43
2014-07-28,18736441558.3102,593.68
2014-08-01,18736441558.3102,582.04
2014-08-05,18736441558.3102,588.5
2014-08-09,19729645940.5771,588.98
2014-08-13,19729645940.5771,569.01
2014-08-17,19729645940.5771,523.88
2014-08-21,23844670038.8033,518.82
2014-08-25,23844670038.8033,508.03
2014-08-29,23844670038.8033,506.61
2014-09-02,27428630902.2579,476.36
2014-09-06,27428630902.2579,485.91
2014-09-10,27428630902.2579,473.35
2014-09-14,29829733124.0404,476.92
2014-09-18,29829733124.0404,453.9
2014-09-22,29829733124.0404,401.15
2014-09-26,34661425923.9769,410.19
2014-09-30,34661425923.9769,373.87
2014-10-04,34661425923.9769,358.9
2014-10-08,34661425923.9769,334.06
2014-10-12,35002482026.1332,361.95
2014-10-16,35002482026.1332,394.84
2014-10-20,35002482026.1332,389.44
2014-10-24,35985640265.0762,357.2
2014-10-28,35985640265.0762,350.9
2014-11-01,35985640265.0762,337.79
2014-11-05,39603666252.4184,330.23
2014-11-09,39603666252.4184,346.94
2014-11-13,39603666252.4184,420.19
2014-11-17,39603666252.4184,389.87
2014-11-21,40300030327.8914,356.47
2014-11-25,40300030327.8914,374.58
2014-11-29,40300030327.8914,376.98
2014-12-03,40300030327.8914,379.62
2014-12-07,40007470271.2713,375.05
2014-12-11,40007470271.2713,348.79
2014-12-15,40007470271.2713,357.8
2014-12-19,39457671307.1387,312.26
2014-12-23,39457671307.1387,331.98
2014-12-27,39457671307.1387,329.94
2014-12-31,40640955016.5765,311.0
2015-01-04,40640955016.5765,285.09
2015-01-08,40640955016.5765,297.99
2015-01-12,43971662056.0896,269.68
2015-01-16,43971662056.0896,210.21
2015-01-20,43971662056.0896,216.01
2015-01-24,43971662056.0896,233.71
2015-01-28,41272873894.697,263.52
2015-02-01,41272873894.697,219.25
2015-02-05,41272873894.697,226.71
2015-02-09,44455415962.3438,223.93
2015-02-13,44455415962.3438,222.33
2015-02-17,44455415962.3438,234.5
2015-02-21,44455415962.3438,245.78
2015-02-25,46684376316.8603,239.94
2015-03-01,46684376316.8603,253.5
2015-03-05,46684376316.8603,270.06
2015-03-09,47427554950.6483,275.0
2015-03-13,47427554950.6483,294.9
2015-03-17,47427554950.6483,289.28
2015-03-21,47427554950.6483,262.1
2015-03-25,46717549644.7064,245.0
2015-03-29,46717549644.7064,252.96
2015-04-02,46717549644.7064,246.49
2015-04-06,49446390688.2414,260.52
2015-04-10,49446390688.2414,243.0
2015-04-14,49446390688.2414,223.01
2015-04-18,49446390688.2414,222.64
2015-04-22,47610564513.4713,235.85
2015-04-26,47610564513.4713,226.29
2015-04-30,47610564513.4713,225.62
2015-05-04,47643398017.8034,239.47
2015-05-08,47643398017.8034,237.16
2015-05-12,47643398017.8034,240.95
2015-05-16,47643398017.8034,237.37
2015-05-20,48807487244.6814,231.4
2015-05-24,48807487244.6814,237.76
2015-05-28,48807487244.6814,235.31
2015-06-01,48807487244.6814,228.34
2015-06-05,47589591153.625,222.88
2015-06-09,47589591153.625,227.66
2015-06-13,47589591153.625,229.6
2015-06-17,49692386354.8938,249.98
2015-06-21,49692386354.8938,244.75
2015-06-25,49692386354.8938,240.2
2015-06-29,49402014931.2275,248.57
2015-07-03,49402014931.2275,254.68
2015-07-07,49402014931.2275,268.53
2015-07-11,49402014931.2275,284.92
2015-07-15,51076366303.4819,287.92
2015-07-19,51076366303.4819,276.74
2015-07-23,51076366303.4819,277.97
2015-07-27,52278304845.5917,292.82
2015-07-31,52278304845.5917,288.45
2015-08-04,52278304845.5917,281.12
2015-08-08,52699842409.347,279.32
2015-08-12,52699842409.347,270.98
2015-08-16,52699842409.347,261.43
2015-08-20,52699842409.347,226.25
2015-08-24,54256630327.89,228.14
2015-08-28,54256630327.89,225.11
2015-09-01,54256630327.89,230.25
2015-09-05,56957648455.01,230.73
2015-09-09,56957648455.01,244.21
2015-09-13,56957648455.01,234.73
2015-09-17,56957648455.01,228.33
2015-09-21,59335351233.8666,230.16
2015-09-25,59335351233.8666,234.0
2015-09-29,59335351233.8666,239.14
2015-10-03,60813224039.4403,237.77
2015-10-07,60813224039.4403,246.8
2015-10-11,60813224039.4403,245.72
2015-10-15,60883825480.0983,252.47
2015-10-19,60883825480.0983,261.04
2015-10-23,60883825480.0983,274.35
2015-10-27,60883825480.0983,286.69
2015-10-31,62253982449.7608,328.17
2015-11-04,62253982449.7608,404.5
2015-11-08,62253982449.7608,387.02
2015-11-12,65848255179.7026,308.98
2015-11-16,65848255179.7026,318.97
2015-11-20,65848255179.7026,325.9
2015-11-24,72722780642.5472,323.48
2015-11-28,72722780642.5472,358.0
2015-12-02,72722780642.5472,362.58
2015-12-06,72722780642.5472,386.95
2015-12-10,79102380900.226,416.49
2015-12-14,79102380900.226,433.39
2015-12-18,79102380900.226,456.58
2015-12-22,93448670796.3238,438.35
2015-12-26,93448670796.3238,455.5
2015-12-30,93448670796.3238,433.23
2016-01-03,103880340815.456,432.76
2016-01-07,103880340815.456,429.26
2016-01-11,103880340815.456,448.43
2016-01-15,113354299801.471,429.55
2016-01-19,113354299801.471,385.49
2016-01-23,113354299801.471,381.5
2016-01-27,120033340651.237,391.66
2016-01-31,120033340651.237,376.6
2016-02-04,120033340651.237,368.46
2016-02-08,144116447847.349,375.0
2016-02-12,144116447847.349,378.02
2016-02-16,144116447847.349,399.21
2016-02-20,163491654908.959,419.98
2016-02-24,163491654908.959,419.25
2016-02-28,163491654908.959,431.59
2016-03-03,163491654908.959,422.5
2016-03-07,158427203767.392,405.69
2016-03-11,158427203767.392,416.0
2016-03-15,158427203767.392,414.99
2016-03-19,165496835118.226,407.96
2016-03-23,165496835118.226,416.39
2016-03-27,165496835118.226,416.96
2016-03-31,165496835118.226,413.74
2016-04-04,166851513282.777,418.51
2016-04-08,166851513282.777,419.95
2016-04-12,166851513282.777,422.63
2016-04-16,178678307671.688,429.45
2016-04-20,178678307671.0,435.95
2016-04-24,178678307671.0,451.92
2016-04-28,178666121338.551,445.29
2016-05-02,178659257772.0,453.0
2016-05-06,178659257772.0,449.37
2016-05-10,178659257772.0,460.66
2016-05-14,194254820283.0,455.82
2016-05-18,194254820283.0,453.08
2016-05-22,194254820283.0,443.21
2016-05-26,199312067531.0,448.7
2016-05-30,199312067531.0,511.3
2016-06-03,199312067531.0,538.0
2016-06-07,199312067531.0,583.72
2016-06-11,196061423939.0,577.95
2016-06-15,196061423939.0,685.19
2016-06-19,196061423939.0,751.96
2016-06-23,209453158595.0,592.81
2016-06-27,209453158595.0,630.19
2016-07-01,209453158595.0,667.95
2016-07-05,213398925331.0,681.98
2016-07-09,213398925331.0,663.0
2016-07-13,213398925331.0,664.5
2016-07-17,213398925331.0,661.32
2016-07-21,213492501107.0,667.5
2016-07-25,213492501107.0,661.48
2016-07-29,213492501107.0,655.54
2016-08-02,210798472402.845,605.56
2016-08-06,201893210853.0,572.72
2016-08-10,201893210853.0,584.98
2016-08-14,201893210853.0,583.34
2016-08-18,217375482757.0,570.92
2016-08-22,217375482757.0,577.24
2016-08-26,217375482757.0,575.75
2016-08-30,220755908330.0,571.5
2016-09-03,220755908330.0,572.0
2016-09-07,220755908330.0,608.16
2016-09-11,220755908330.0,621.65
2016-09-15,225832872179.0,608.99
2016-09-19,225832872179.0,607.31
2016-09-23,225832872179.0,594.08
2016-09-27,241227200229.0,606.79
2016-10-01,241227200229.0,608.38
2016-10-05,241227200229.0,607.18
2016-10-09,258522748404.0,614.46
2016-10-13,258522748404.0,635.16
2016-10-17,258522748404.0,638.97
2016-10-21,258522748404.0,628.89
2016-10-25,253618246641.0,643.93
2016-10-29,253618246641.0,685.91
2016-11-02,253618246641.0,726.6
2016-11-06,254620187304.0,703.48
2016-11-10,254620187304.0,721.5
2016-11-14,254620187304.0,700.38
2016-11-18,272434584596.115,736.84
2016-11-22,281800917193.0,736.97
2016-11-26,281800917193.0,737.07
2016-11-30,281800917193.0,730.02
2016-12-04,286765766820.0,762.97
2016-12-08,286765766820.0,766.48
2016-12-12,286765766820.0,768.19
2016-12-16,310153855703.0,775.88
2016-12-20,310153855703.0,791.03
2016-12-24,310153855703.0,913.93
2016-12-28,312083434211.183,930.34
2017-01-01,317688400354.0,964.84
2017-01-05,317688400354.0,1109.16
2017-01-09,317688400354.0,910.49
2017-01-13,336899932795.0,805.52
2017-01-17,336899932795.0,830.56
2017-01-21,336899932795.0,895.64
2017-01-25,392963262344.0,883.59
2017-01-29,392963262344.0,918.62
2017-02-02,392963262344.0,983.42
2017-02-06,422170566883.0,1011.08
2017-02-10,422170566883.0,985.34
2017-02-14,422170566883.0,1001.2
2017-02-18,432944392642.632,1054.55
2017-02-22,440779902286.0,1125.0
2017-02-26,440779902286.0,1150.37
2017-03-02,440779902286.0,1224.98
2017-03-06,460769358090.0,1271.04
2017-03-10,460769358090.0,1192.09
2017-03-14,460769358090.0,1240.72
2017-03-18,475705205061.0,1068.3
2017-03-22,475705205061.0,1113.0
2017-03-26,475705205061.0,961.81
2017-03-30,482855238676.823,1039.77
2017-04-03,499635929816.0,1079.99
2017-04-07,499635929816.0,1193.73
2017-04-11,499635929816.0,1209.99
2017-04-15,520808749422.0,1170.36
2017-04-19,520808749422.0,1201.2
2017-04-23,520808749422.0,1233.24
2017-04-27,521839702599.075,1288.02
2017-05-01,521974519553.0,1354.8
2017-05-05,521974519553.0,1537.23
2017-05-09,521974519553.0,1651.1
2017-05-13,559970892890.0,1692.88
2017-05-17,559970892890.0,1708.99
2017-05-21,559970892890.0,2008.84
2017-05-25,595921917085.0,2421.49
2017-05-29,595921917085.0,2177.38
2017-06-02,595921917085.0,2409.93
2017-06-06,678760110082.0,2699.12
2017-06-10,678760110082.0,2825.14
2017-06-14,678760110082.0,2706.0
2017-06-18,711697198173.0,2629.76
2017-06-22,711697198173.0,2658.69
2017-06-26,711697198173.0,2502.03
2017-06-30,711697198173.0,2541.69
2017-07-04,708659466230.0,2549.93
2017-07-08,708659466230.0,2502.86
2017-07-12,708659466230.0,2310.93
2017-07-16,804525194568.0,1972.29
2017-07-20,804525194568.0,2265.21
2017-07-24,804525194568.0,2748.36
2017-07-28,860221984436.0,2656.53
2017-08-01,860221984436.0,2862.9
2017-08-05,860221984436.0,2856.52
2017-08-09,888074709977.536,3408.75
2017-08-13,923233068448.0,3868.52
2017-08-17,923233068448.0,4375.8
2017-08-21,923233068448.0,4054.6
2017-08-25,888171856257.0,4331.77
2017-08-29,888171856257.0,4376.66
2017-09-02,888171856257.0,4908.41
2017-09-06,903315386418.901,4385.02
2017-09-10,922724699725.0,4330.87
2017-09-14,922724699725.0,3865.22
2017-09-18,1052185622754.52,3678.53
2017-09-22,1103400932964.0,3600.92
2017-09-26,1103400932964.0,3931.98
2017-09-30,1103400932964.0,4164.27
2017-10-04,1123863285132.0,4308.33
2017-10-08,1123863285132.0,4439.46
2017-10-12,1123863285132.0,4822.17
2017-10-16,1196792694098.0,5691.69
2017-10-20,1196792694098.0,5697.16
2017-10-24,1196792694098.0,5900.59
2017-10-28,1452839779145.0,5769.89
2017-11-01,1452839779145.0,6416.07
2017-11-05,1452839779145.0,7365.99
2017-11-09,1452839779145.0,7468.44
2017-11-13,1364422081125.0,5890.08
2017-11-17,1364422081125.0,7868.77
2017-11-21,1364422081125.0,8242.81
2017-11-25,1347001430558.0,8212.78
2017-11-29,1347001430558.0,9919.0
2017-12-03,1347001430558.0,10912.87
2017-12-07,1590896927258.0,13843.93
2017-12-11,1590896927258.0,15068.95
2017-12-15,1590896927258.0,16408.15
2017-12-19,1873105475221.0,18911.79
2017-12-23,1873105475221.0,13776.61
2017-12-27,1873105475221.0,15677.99
2017-12-31,1873105475221.0,12612.54
2018-01-04,1931136454487.0,15039.24
2018-01-08,1931136454487.0,16192.91
2018-01-12,1931136454487.0,13285.55
2018-01-16,2227847638503.0,13554.14
2018-01-20,2227847638503.0,11506.51
2018-01-24,2227847638503.0,10831.49
2018-01-28,2603077300218.0,11431.37
2018-02-01,2603077300218.0,10204.0
2018-02-05,2603077300218.0,8202.06
2018-02-09,2874674234415.0,8245.08
2018-02-13,2874674234415.0,8895.72
2018-02-17,2874674234415.0,10178.56
2018-02-21,3007383866429.0,11245.98
2018-02-25,3007383866429.0,9699.76
2018-03-01,3007383866429.0,10332.14
2018-03-05,3233581400367.21,11516.83
2018-03-09,3290605988755.0,9324.5
2018-03-13,3290605988755.0,9130.0
2018-03-17,3290605988755.0,8297.89
2018-03-21,3462542391191.0,8909.95
2018-03-25,3462542391191.0,8533.76
2018-03-29,3462542391191.0,7950.61
2018-04-02,3511060552899.0,6827.54
2018-04-06,3511060552899.0,6786.66
2018-04-10,3511060552899.0,6784.41
2018-04-14,3796188328004.62,7895.25
2018-04-18,3839316899029.0,7907.19
2018-04-22,3839316899029.0,8930.6
2018-04-26,3839316899029.0,8870.14
2018-04-30,4022059196164.0,9398.4
2018-05-04,4022059196164.0,9753.35
2018-05-08,4022059196164.0,9369.16
2018-05-12,4143878474754.0,8396.83
2018-05-16,4143878474754.0,8471.06
2018-05-20,4143878474754.0,8242.07
2018-05-24,4219142059012.62,7511.91
2018-05-28,4306949573981.0,7344.56
2018-06-01,4306949573981.0,7489.66
2018-06-05,4415593341673.57,7495.47
2018-06-09,4940704885521.0,7615.54
2018-06-13,4940704885521.0,6553.0
2018-06-17,4940704885521.0,6488.68
2018-06-21,5077499034879.0,6760.83
2018-06-25,5077499034879.0,6157.04
2018-06-29,5077499034879.0,5878.14
2018-07-03,5363678461481.0,6626.44
2018-07-07,5363678461481.0,6628.59
2018-07-11,5363678461481.0,6329.27
2018-07-15,5363678461481.0,6248.84
2018-07-19,5178671069072.0,7371.11
2018-07-23,5178671069072.0,7406.66
2018-07-27,5178671069072.0,7939.81
2018-07-31,5949437371609.0,8171.49
2018-08-04,5949437371610.0,7414.77
2018-08-08,5949437371610.0,6718.23
2018-08-12,6389316883512.0,6227.85
2018-08-16,6389316883512.0,6270.67
2018-08-20,6389316883512.0,6486.58
2018-08-24,6505039002077.41,6525.96
2018-08-28,6727225469723.0,6901.26
2018-09-01,6727225469723.0,7018.78
2018-09-05,6727225469723.0,7359.19
2018-09-09,7019199231177.0,6184.06
2018-09-13,7019199231177.0,6326.04
2018-09-17,7019199231177.0,6497.37
2018-09-21,7152633351906.0,6496.02
2018-09-25,7152633351906.0,6583.45
2018-09-29,7152633351906.0,6628.66
2018-10-03,7152633351906.0,6521.31
2018-10-07,7454968648263.0,6573.62
2018-10-11,7454968648263.0,6581.07
2018-10-15,7454968648263.0,6265.16
2018-10-19,7182852313938.0,6509.61
2018-10-23,7182852313938.0,6493.89
2018-10-27,7182852313938.0,6472.17
2018-10-31,7182852313938.0,6301.61
2018-11-04,7184404942702.0,6361.3
2018-11-08,7184404942702.0,6536.83
2018-11-12,7184404942702.0,6408.53
2018-11-16,7175974755379.84,5658.73
2018-11-20,6653303141406.0,4848.78
2018-11-24,6653303141406.0,4352.98
2018-11-28,6653303141406.0,3828.45
2018-12-02,6653303141406.0,4188.09
2018-12-06,5646403851535.0,3744.98
2018-12-10,5646403851535.0,3588.44
2018-12-14,5646403851535.0,3308.11
2018-12-18,5621092245587.73,3556.54
2018-12-22,5106422924660.0,3899.83
2018-12-26,5106422924660.0,3821.52
2018-12-30,5106422924660.0,3770.36
2019-01-03,5618595848853.0,3931.31
2019-01-07,5618595848853.0,4071.77
2019-01-11,5618595848853.0,3646.25
2019-01-15,5883988430955.0,3682.48
2019-01-19,5883988430955.0,3625.73
2019-01-23,5883988430955.0,3587.35
2019-01-27,5883988430955.0,3576.3
2019-01-31,5814661935892.0,3470.0
2019-02-04,5814661935892.0,3456.02
2019-02-08,5814661935892.0,3394.76
2019-02-12,6061518831027.0,3629.47
2019-02-16,6061518831027.0,3608.2
2019-02-20,6061518831027.0,3926.53
2019-02-24,6064081790460.55,4139.6
2019-02-28,6071846049921.0,3833.23
2019-03-04,6071846049921.0,3814.58
2019-03-08,6071846049921.0,3886.82
2019-03-12,6068891541677.0,3881.09
2019-03-16,6068891541677.0,3936.5
2019-03-20,6068891541677.0,4029.11
2019-03-24,6368919654419.87,4011.92
2019-03-28,6379265451411.0,4048.51
2019-04-01,6379265451411.0,4114.16
2019-04-05,6379265451411.0,4911.24
2019-04-09,6393023717202.0,5268.71
2019-04-13,6393023717202.0,5072.85
2019-04-17,6393023717202.0,5196.65
2019-04-21,6357721118108.33,5309.28
2019-04-25,6353030562984.0,5434.19
2019-04-29,6353030562984.0,5301.29
2019-05-03,6353030562984.0,5390.16
2019-05-07,6702169884349.0,5684.47
2019-05-11,6702169884349.0,6348.02
2019-05-15,6702169884349.0,7992.69
2019-05-19,6704632680587.0,7265.05
2019-05-23,6704632680587.0,7625.93
2019-05-27,6704632680587.0,8744.42
2019-05-31,7459680720542.0,8272.46
2019-06-04,7459680720542.0,8134.92
2019-06-08,7459680720542.0,7998.29
2019-06-12,7459680720542.0,7917.58
2019-06-16,7409399249090.0,8859.47
2019-06-20,7409399249090.0,9281.7
2019-06-24,7409399249090.0,10814.48
2019-06-28,7934713219631.0,11132.85
2019-07-02,7934713219631.0,10578.72
2019-07-06,7934713219631.0,10955.16
2019-07-10,9064159826491.0,12586.78
2019-07-14,9064159826491.0,11389.1
2019-07-18,9064159826491.0,9674.28
2019-07-22,9064159826491.0,10587.41
2019-07-26,9013786945892.0,9875.17
2019-07-30,9013786945892.0,9501.33
2019-08-03,9013786945892.0,10529.55
2019-08-07,9985348008060.0,11465.67
2019-08-11,9985348008060.0,11282.22
2019-08-15,9985348008060.0,10016.96
2019-08-19,10183488432890.0,10317.6
2019-08-23,10183488432890.0,10111.98
2019-08-27,10183488432890.0,10360.28
2019-08-31,10183488432890.0,9577.99
2019-09-04,10771996663680.0,10621.29
2019-09-08,10771996663680.0,10487.21
2019-09-12,10771996663680.0,10159.32
2019-09-16,11890594958796.0,10310.43
2019-09-20,11890594958796.0,10275.88
2019-09-24,11890594958796.0,9683.38
2019-09-28,12759819404409.0,8193.9
2019-10-02,12759819404409.0,8322.92
2019-10-06,12759819404409.0,8147.69
2019-10-10,12874760266706.7,8587.92
2019-10-14,13008091666972.0,8283.76
2019-10-18,13008091666972.0,8076.78
2019-10-22,13008091666972.0,8222.52
2019-10-26,13691480038694.0,8666.79
2019-10-30,13691480038694.0,9433.35
2019-11-03,13691480038694.0,9301.18
2019-11-07,13669891710442.8,9343.34
2019-11-11,12720005267391.0,9037.12
2019-11-15,12720005267391.0,8632.32
2019-11-19,12720005267391.0,8175.99
2019-11-23,12973235968800.0,7286.35
2019-11-27,12973235968800.0,7163.63
2019-12-01,12973235968800.0,7557.72
2019-12-05,12955951549096.1,7192.85
2019-12-09,12876842089682.0,7522.39
2019-12-13,12876842089682.0,7189.16
2019-12-17,12876842089682.0,6879.54
2019-12-21,12948593420946.0,7190.17
2019-12-25,12948593420946.0,7250.69
2019-12-29,12948593420946.0,7301.07
2020-01-02,13798783827516.0,7175.68
2020-01-06,13798783827516.0,7351.57
2020-01-10,13798783827516.0,7817.92
2020-01-14,13819009697340.3,8105.24
2020-01-18,14776367535689.0,8900.34
2020-01-22,14776367535689.0,8722.26
2020-01-26,14776367535689.0,8327.36
2020-01-30,15466098935555.0,9279.81
2020-02-03,15466098935555.0,9314.56
2020-02-07,15466098935555.0,9755.66
2020-02-11,15521134947902.1,9854.79
2020-02-15,15546745765529.0,10368.53
2020-02-19,15546745765529.0,10180.65
2020-02-23,15546745765529.0,9669.63
2020-02-27,15486913440293.0,8785.52
2020-03-02,15486913440293.0,8534.17
2020-03-06,15486913440293.0,9067.39
2020-03-10,16552923967337.0,7931.94
2020-03-14,16552923967337.0,5609.03
2020-03-18,16552923967337.0,5357.61
2020-03-22,16552923967337.0,6189.85
2020-03-26,14143559041805.2,6698.46
2020-03-30,13912524048946.0,5885.41
2020-04-03,13912524048946.0,6809.11
2020-04-07,13912524048946.0,7343.2
2020-04-11,14715214060657.0,6873.24
2020-04-15,14715214060657.0,6871.95
2020-04-19,14715214060657.0,7259.36
2020-04-23,15958652328578.0,7130.99
2020-04-27,15958652328578.0,7699.27
2020-05-01,15958652328578.0,8628.77
2020-05-05,16079831604277.9,8885.93
2020-05-09,16104807485529.0,9821.8
2020-05-13,16104807485529.0,8814.53
2020-05-17,16104807485529.0,9385.7
2020-05-21,15138043247083.0,9510.67
2020-05-25,15138043247083.0,8730.73
2020-05-29,15138043247083.0,9569.21
2020-06-02,15138043247083.0,10204.23
2020-06-06,13732352106018.0,9623.75
2020-06-10,13732352106018.0,9775.15
2020-06-14,13732352106018.0,9473.5
2020-06-18,15784744305477.0,9454.81
2020-06-22,15784744305477.0,9284.78
2020-06-26,15784744305477.0,9240.85
2020-06-30,15784618886622.5,9185.35
2020-07-04,15784217546288.0,9072.42
2020-07-08,15784217546288.0,9256.23
2020-07-12,15784217546288.0,9235.96
2020-07-16,17345948872516.0,9193.51
2020-07-20,17345948872516.0,9214.66
2020-07-24,17345948872516.0,9613.11
2020-07-28,16847561611550.0,11042.4
2020-08-01,16847561611550.0,11343.88
2020-08-05,16847561611550.0,11194.25
2020-08-09,16847561611550.0,11767.6
2020-08-13,16947802333947.0,11573.11
2020-08-17,16947802333947.0,11914.01
2020-08-21,16947802333947.0,11865.82
2020-08-25,17557993035167.0,11763.93
2020-08-29,17557993035167.0,11534.75
2020-09-02,17557993035167.0,11923.25
2020-09-06,17557993035167.0,10159.62
2020-09-10,17345997805929.0,10227.83
2020-09-14,17345997805929.0,10330.77
2020-09-18,17345997805929.0,10943.89
2020-09-22,19314656404097.0,10430.46
2020-09-26,19314656404097.0,10692.84
2020-09-30,19314656404097.0,10840.8
2020-10-04,19300708897945.594,10551.77
2020-10-08,19298087186263.0,10670.8
2020-10-12,19298087186263.0,11376.61
2020-10-16,19298087186263.0,11503.73
2020-10-20,19997335994446.0,11758.16
2020-10-24,19997335994446.0,12944.52
2020-10-28,19997335994446.0,13651.47
2020-11-01,19997335994446.0,13810.32
2020-11-05,16787779609933.0,14155.59
2020-11-09,16787779609933.0,15490.6
2020-11-13,16787779609933.0,16295.57
2020-11-17,17596801059571.0,16725.15
2020-11-21,17596801059571.0,18687.45
2020-11-25,17596801059571.0,19172.52
2020-11-29,18158528379021.04,17732.42
2020-12-03,19157154724710.0,19226.97
2020-12-07,19157154724710.0,19377.66
2020-12-11,19157154724710.0,18247.76
2020-12-15,18670168558400.0,19276.59
2020-12-19,18670168558400.0,23150.79
2020-12-23,18670168558400.0,23824.99
2020-12-27,18670168558400.0,26443.21
2020-12-31,18599593048299.0,28856.59
2021-01-04,18599593048299.0,33000.78
2021-01-08,18599593048299.0,39486.04
2021-01-12,20607418304386.0,35544.94
2021-01-16,20607418304386.0,36828.52
2021-01-20,20607418304386.0,36020.13
2021-01-24,20823531150112.0,32099.74
2021-01-28,20823531150112.0,30419.17
2021-02-01,20823531150112.0,33136.46
2021-02-05,20823531150112.0,37002.09
2021-02-09,21434395961349.0,46364.3
2021-02-13,21434395961349.0,47471.4
2021-02-17,21434395961349.0,49160.1
2021-02-21,21724134900047.0,56001.2
2021-02-25,21724134900047.0,50624.84
2021-03-01,21724134900047.0,45113.92
2021-03-05,21724134900047.0,48448.91
2021-03-09,21448277761060.0,52299.33
2021-03-13,21448277761060.0,57253.28
2021-03-17,21448277761060.0,56872.38
2021-03-21,21865558044611.0,58085.8
2021-03-25,21865558044611.0,52508.23
2021-03-29,21865558044611.0,55783.71
2021-04-02,23064760716651.37,58736.92
2021-04-06,23137439666472.0,59054.1
2021-04-10,23137439666472.0,58102.58
2021-04-14,23137439666472.0,63554.44
2021-04-18,23581981443664.0,60087.09
2021-04-22,23581981443664.0,53808.8
2021-04-26,23581981443664.0,49075.58
2021-04-30,23581981443664.0,53584.15
2021-05-04,20608845737768.0,57213.33
2021-05-08,20608845737768.0,57380.27
2021-05-12,20608845737768.0,56750.0
2021-05-16,25046487590083.0,46736.58
2021-05-20,25046487590083.0,36964.27
2021-05-24,25046487590083.0,34754.54
2021-05-28,25046487590083.0,38445.29
2021-06-01,21047730572452.0,37310.54
2021-06-05,21047730572452.0,36885.51
2021-06-09,21047730572452.0,33450.19
2021-06-13,20836567779802.566,35494.9
2021-06-17,19932791027263.0,38324.87
2021-06-21,19932791027263.0,35592.35
2021-06-25,19932791027263.0,34639.38
2021-06-29,19932791027263.0,34456.67
2021-07-03,15634861856766.197,33856.86
2021-07-07,14363025673660.0,34211.01
2021-07-11,14363025673660.0,33515.57
2021-07-15,14363025673660.0,32814.61
2021-07-19,13672594272814.0,31783.49
2021-07-23,13672594272814.0,32297.89
2021-07-27,13672594272814.0,37318.14
2021-07-31,14319158983942.734,42214.15
2021-08-04,14496442856349.0,38138.0
2021-08-08,14496442856349.0,44634.13
2021-08-12,14496442856349.0,45611.46
2021-08-16,15556093717703.0,47056.41
2021-08-20,15556093717703.0,46734.65
2021-08-24,15556093717703.0,49523.5
2021-08-28,17615033039279.0,49056.86
2021-09-01,17615033039279.0,47155.87
2021-09-05,17615033039279.0,49947.38
2021-09-09,18415156832118.0,46078.38
2021-09-13,18415156832118.0,46059.12
2021-09-17,18415156832118.0,47785.26
2021-09-21,18632996500113.82,42901.56
2021-09-25,18997641161759.0,42815.56
2021-09-29,18997641161759.0,41011.16
2021-10-03,18997641161759.0,47727.1
2021-10-07,19893045048575.0,55343.76
2021-10-11,19893045048575.0,54625.74
2021-10-15,19893045048575.0,57397.74
2021-10-19,20082460130831.0,61971.59
2021-10-23,20082460130831.0,60697.06
2021-10-27,20082460130831.0,60345.17
2021-10-31,20286661027549.07,61731.29
2021-11-04,21659344833265.0,62954.86
2021-11-08,21659344833265.0,63293.22
2021-11-12,21659344833265.0,64838.81
2021-11-16,22674148233453.0,63584.25
2021-11-20,22674148233453.0,58133.02
2021-11-24,22674148233453.0,57578.22
2021-11-28,22464723406485.65,54801.15
2021-12-02,22335659268936.0,57229.76
2021-12-06,22335659268936.0,49380.43
2021-12-10,22335659268936.0,47659.68
2021-12-14,24195286980614.0,46757.09
2021-12-18,24195286980614.0,46173.51
2021-12-22,24195286980614.0,48934.57
2021-12-26,24272331996980.0,50470.89
2021-12-30,24272331996980.0,46408.87
2022-01-03,24272331996980.0,47327.87
2022-01-07,24272331996980.0,43120.63
2022-01-11,24371874614346.0,41849.0
2022-01-15,24371874614346.0,43099.37
2022-01-19,24371874614346.0,42381.48
2022-01-23,26643185256535.0,35071.43
2022-01-27,26643185256535.0,36823.5
2022-01-31,26643185256535.0,37918.62
2022-02-04,26684698822068.03,37092.4
2022-02-08,26690525287406.0,43834.02
2022-02-12,26690525287406.0,42401.27
2022-02-16,26690525287406.0,44536.2
2022-02-20,27967152532434.0,40115.05
2022-02-24,27967152532434.0,37291.48
2022-02-28,27967152532434.0,37704.56
2022-03-04,27550332084344.0,42464.4
2022-03-08,27550332084344.0,38032.5
2022-03-12,27550332084344.0,38741.04
2022-03-16,27550332084344.0,39320.82
2022-03-20,27452707696466.0,42222.32
2022-03-24,27452707696466.0,42905.06
2022-03-28,27452707696466.0,46858.53
2022-04-01,28587155782195.0,45539.22
2022-04-05,28587155782195.0,46611.26
2022-04-09,28587155782195.0,42278.94
2022-04-13,28587155782195.0,40102.2
2022-04-17,28225928151211.0,40388.78
2022-04-21,28225928151211.0,41375.79
2022-04-25,28225928151211.0,39465.57
2022-04-29,29794407589312.0,39770.04
2022-05-03,29794407589312.0,38510.65
2022-05-07,29794407589312.0,36013.03
2022-05-11,31251101365711.0,31003.93
2022-05-15,31251101365711.0,30074.61
2022-05-19,31251101365711.0,28680.97
2022-05-23,31251101365711.0,30278.94
2022-05-27,29897409688834.0,29193.92
2022-05-31,29897409688834.0,31715.58
2022-06-04,29897409688834.0,29681.76
2022-06-08,30107694713067.656,31117.83
2022-06-12,30283293547737.0,28344.5
2022-06-16,30283293547737.0,22550.79
2022-06-20,30283293547737.0,20540.38
2022-06-24,29570168636358.0,21088.3
2022-06-28,29570168636358.0,20702.23
2022-07-02,29570168636358.0,19226.7
2022-07-06,29570168636358.0,20181.91
2022-07-10,29152798808272.0,21582.6
2022-07-14,29152798808272.0,20223.69
2022-07-18,29152798808272.0,20774.23
2022-07-22,27692567959234.0,23154.09
2022-07-26,27692567959234.0,21300.72
2022-07-30,27692567959234.0,23792.0
2022-08-03,27692567959234.0,22981.77
2022-08-07,28174668481289.0,22947.19
2022-08-11,28174668481289.0,23959.92
2022-08-15,28174668481289.0,24314.89
2022-08-19,28351606743494.0,23193.99
2022-08-23,28351606743494.0,21402.93
2022-08-27,28351606743494.0,20233.32
2022-08-31,30293716756044.19,19793.02
2022-09-04,30977051760460.0,19834.94
2022-09-08,30977051760460.0,19280.08
2022-09-12,30977051760460.0,21794.52
2022-09-16,32045359565303.0,19694.69
2022-09-20,32045359565303.0,19542.2
2022-09-24,32045359565303.0,19280.58
2022-09-28,31419898493798.69,19104.89
2022-10-02,31360548173145.0,19314.69
2022-10-06,31360548173145.0,20167.79
2022-10-10,33738662001569.633,19441.88
2022-10-14,35610794164372.0,19383.33
2022-10-18,35610794164372.0,19548.97
2022-10-22,35610794164372.0,19171.34
2022-10-26,36835682546788.0,20101.27
2022-10-30,36835682546788.0,20816.16
2022-11-03,36835682546788.0,20153.99
2022-11-07,36766791551487.06,20920.33
2022-11-11,36762198818467.0,17550.23
2022-11-15,36762198818467.0,16587.96
2022-11-19,36762198818467.0,16683.22
2022-11-23,36950494067222.0,16194.75
2022-11-27,36950494067222.0,16453.47
2022-12-01,36950494067222.0,17170.62
2022-12-05,36950494067222.0,17117.57
2022-12-09,34244331613176.0,17234.58
2022-12-13,34244331613176.0,17206.87
2022-12-17,34244331613176.0,16637.6
2022-12-21,35364065900457.0,16904.64
2022-12-25,35364065900457.0,16838.1
2022-12-29,35364065900457.0,16539.28
2023-01-02,35364065900457.0,16613.71
2023-01-06,34093570325204.0,16826.41
2023-01-10,34093570325204.0,17192.07
2023-01-14,34093570325204.0,19933.36
2023-01-18,37590453655497.0,21145.18
2023-01-22,37590453655497.0,22772.5
2023-01-26,37590453655497.0,23089.74
2023-01-30,39350942467773.0,23755.85
2023-02-03,39350942467773.0,23454.41
2023-02-07,39350942467773.0,22763.74
2023-02-11,39350942467773.0,21638.55
2023-02-15,39156400059293.0,22211.8
2023-02-19,39156400059293.0,24641.94
2023-02-23,39156400059293.0,24185.67
2023-02-27,43053844193928.0,23563.11
2023-03-03,43053844193928.0,23467.36
2023-03-07,43053844193928.0,22410.62
2023-03-11,43551722213590.0,20224.85
2023-03-15,43551722213590.0,24767.46
2023-03-19,43551722213590.0,26975.39
2023-03-23,43767569956061.28,27306.32
2023-03-27,46843400286277.0,27999.84
2023-03-31,46843400286277.0,28033.06
2023-04-04,46843400286277.0,27802.23
2023-04-08,47887764338536.0,27925.55
2023-04-12,47887764338536.0,30234.98
2023-04-16,47887764338536.0,30319.32
2023-04-20,48296984989381.2,28829.57
2023-04-24,48712405953118.0,27590.55
2023-04-28,48712405953118.0,29480.35
2023-05-02,48712405953118.0,28086.65
2023-05-06,48005534313579.0,29535.38
2023-05-10,48005534313579.0,27640.09
2023-05-14,48005534313579.0,26785.94
2023-05-18,49188301954866.32,27398.27
2023-05-22,49549703178593.0,26756.57
2023-05-26,49549703178593.0,26477.29
2023-05-30,49549703178593.0,27744.66
2023-06-03,51234338863443.0,27251.93
2023-06-07,51234338863443.0,27243.64
2023-06-11,51234338863443.0,25852.82
2023-06-15,52350439455487.0,25127.04
2023-06-19,52350439455487.0,26337.08
2023-06-23,52350439455487.0,29903.73
2023-06-27,52350439455487.0,30266.7
2023-07-01,50646206431058.0,30471.5
2023-07-05,50646206431058.0,30774.87
2023-07-09,50646206431058.0,30214.55
2023-07-13,53911173001055.0,30391.64
2023-07-17,53911173001055.0,30240.28
2023-07-21,53911173001055.0,29802.29
2023-07-25,53911173001055.0,29178.42
2023-07-29,52328312063444.0,29316.12
2023-08-02,52328312063444.0,29683.61
2023-08-06,52328312063444.0,29048.01
2023-08-10,52391178981379.0,29565.82
2023-08-14,52391178981379.0,29283.84
2023-08-18,52391178981379.0,26662.05
2023-08-22,53588410123873.43,26123.41
2023-08-26,55621444139430.0,26049.42
2023-08-30,55621444139430.0,27731.23
2023-09-03,55621444139430.0,25869.09
2023-09-07,54150142369480.0,25753.31
2023-09-11,54150142369480.0,25832.82
2023-09-15,54150142369480.0,26536.02
2023-09-19,55816608966185.68,26763.76
2023-09-23,57119871304635.0,26581.86
2023-09-27,57119871304635.0,26212.82
2023-10-01,57119871304635.0,26970.43
2023-10-05,57321508229258.0,27797.56
2023-10-09,57321508229258.0,27937.18
2023-10-13,57321508229258.0,26758.66
2023-10-17,61030681983176.0,28517.32
2023-10-21,61030681983176.0,29682.6
2023-10-25,61030681983176.0,33902.65
2023-10-29,61030681983176.0,34090.68
2023-11-02,62463471666733.0,35440.51
2023-11-06,62463471666733.0,35048.35
2023-11-10,62463471666732.94,36696.25
2023-11-14,64678587803497.0,36497.35
2023-11-18,64678587803496.94,36624.3
2023-11-22,64678587803496.984,35808.95
2023-11-26,67912869716769.22,37800.94
2023-11-30,67957790298898.0,37867.37
2023-12-04,67957790298898.0,39976.04
2023-12-08,67957790298898.0,43298.7
2023-12-12,67305906902031.055,41238.31
2023-12-16,67305906902031.1,41934.71
2023-12-20,67305906902031.06,42262.62
2023-12-24,72006146478567.25,43742.33
2023-12-28,72006146478567.0,43470.76
2024-01-01,72006146478567.17,42249.69
2024-01-05,72006146478567.08,44190.1
2024-01-09,73197634206448.0,46972.42
2024-01-13,73197634206448.0,42843.98
2024-01-17,73197634206448.0,43132.4
2024-01-21,70343519904867.086,41659.4
2024-01-25,70343519904867.29,40068.49
2024-01-29,70343519904867.18,42030.81
2024-02-02,72346611061723.23,43061.16
2024-02-06,75502165623894.0,42653.29
2024-02-10,75502165623894.0,47134.54
2024-02-14,75502165623894.0,49739.24
2024-02-18,81725299822043.08,51685.35
2024-02-22,81725299822043.17,51862.86
2024-02-26,81725299822043.16,51727.76
2024-03-01,79428308380841.48,61172.49
2024-03-05,79351228131136.69,68377.67
2024-03-09,79351228131136.72,68306.9
2024-03-13,79351228131136.72,71489.22
2024-03-17,83947913181362.0,65303.67
2024-03-21,83947913181362.0,67857.18
2024-03-25,83947913181362.0,67226.33
2024-03-29,83126997340024.75,70754.69
2024-04-02,83126997340024.73,69701.3
2024-04-06,83126997340024.7,67857.42
2024-04-10,83450993523979.81,69141.75
2024-04-14,86388558925171.34,64019.74
2024-04-18,86388558925171.28,61280.51
2024-04-22,86388558925171.31,64949.79
2024-04-26,88104191118792.78,64486.29
2024-04-30,88104191118792.73,63832.72
2024-05-04,88104191118792.73,62885.27
2024-05-08,88104191118792.81,62323.38
2024-05-12,83148355189240.0,60805.78
2024-05-16,83148355189240.0,66239.13
2024-05-20,83148355189240.0,66266.07
2024-05-24,84381461788831.33,67942.23
2024-05-28,84381461788831.19,69374.17
2024-06-01,84381461788831.23,67484.93
2024-06-05,84381461788831.12,70553.24
2024-06-09,83716654861184.7,69297.93
2024-06-13,83716654861184.75,68239.79
2024-06-17,83716654861184.77,66636.85
2024-06-21,83675262295060.0,64830.29
2024-06-25,83675262295060.0,60279.54
2024-06-29,83675262295060.0,60315.67
2024-07-03,83675262295060.0,62028.38
2024-07-07,79495195323031.17,58265.25
2024-07-11,79495195323031.17,57743.11
2024-07-15,79495195323031.23,60798.16
2024-07-19,82047728459932.77,63968.61
2024-07-23,82047728459932.66,67597.26
2024-07-27,82047728459932.73,67914.86
2024-07-31,87487947532070.14,66180.0
2024-08-04,90666502495566.0,60676.68
2024-08-08,90666502495566.0,55033.47
2024-08-12,90666502495566.0,58717.0
2024-08-16,86871474313762.0,57523.47
2024-08-20,86871474313762.0,59475.91
2024-08-24,86871474313762.0,64082.05
2024-08-28,87937390901164.8,59466.82
2024-09-01,89471664776971.3,58968.91
2024-09-05,89471664776971.36,57966.79
2024-09-09,89471664776971.31,54857.17
2024-09-13,92671576265160.81,58136.5
2024-09-17,92671576265160.67,58194.98
2024-09-21,92671576265160.73,63213.19
2024-09-25,91782581703877.36,64279.04
2024-09-29,88404402371000.0,65888.5
2024-10-03,88404402371000.0,60639.47
2024-10-07,88404402371000.0,62814.93
2024-10-11,92049594548484.72,60269.24
2024-10-15,92049594548484.64,66048.56
2024-10-19,92049594548484.58,68426.2
2024-10-23,95672703408224.0,67368.2
2024-10-27,95672703408224.0,67018.78
2024-10-31,95672703408224.0,72329.87
2024-11-04,95989214149657.64,68744.21
2024-11-08,101646843652784.62,75926.31
2024-11-12,101646843652784.61,88719.74
2024-11-16,101646843652784.56,91063.24
2024-11-20,102289407543324.0,92369.46
2024-11-24,102289407543324.0,97776.94
2024-11-28,102289407543324.0,95956.99
2024-12-02,102892719959890.11,97273.62
2024-12-06,103919634711492.0,97079.54
2024-12-10,103919634711492.0,97465.55
2024-12-14,103919634711492.0,101467.53
2024-12-18,108522647629298.0,106156.01
2024-12-22,108522647629298.0,97226.54
2024-12-26,108522647629298.0,99300.12
2024-12-30,109782075598904.53,93536.42
2025-01-03,109782075598904.6,96853.63
2025-01-07,109782075598904.62,102253.31
2025-01-11,109782075598904.61,94702.66
2025-01-15,110451907374650.0,96527.14
2025-01-19,110451907374650.0,104408.89
2025-01-23,110451907374650.0,103637.06
2025-01-27,108526595760699.28,102592.63
2025-01-31,108105433845147.33,104743.97
2025-02-04,108105433845147.36,101414.76
2025-02-08,108105433845147.47,96540.7
2025-02-12,114167270716408.0,95752.0
2025-02-16,114167270716408.0,97593.62
2025-02-20,114167270716408.0,96642.79
2025-02-24,110568428300952.64,96274.79
2025-02-28,110568428300952.53,84645.86
2025-03-04,110568428300952.58,86081.79
2025-03-08,110568428300952.61,86745.52
2025-03-12,112149504190348.52,82859.32
2025-03-16,112149504190348.55,84339.61
2025-03-20,112149504190348.56,86867.58
2025-03-24,113757508810854.0,86057.08
2025-03-28,113757508810854.0,87187.77
2025-04-01,113757508810854.0,82531.15
2025-04-05,116403947359503.08,83842.01
2025-04-09,121507793131898.0,76266.57
2025-04-13,121507793131897.72,85283.27
2025-04-17,121507793131897.94,84033.59
2025-04-21,123234387977051.39,85172.64
2025-04-25,123234387977051.47,93970.77
2025-04-29,,94998.2
