"Date","Price","Open","High","Low","Vol.","Change %"
"04/29/2025","54.87","53.04","55.17","52.83","84.90M","1.95%"
"04/28/2025","53.82","54.02","54.64","51.64","95.68M","-0.07%"
"04/25/2025","53.86","52.04","54.07","51.48","113.05M","3.30%"
"04/24/2025","52.14","48.74","52.28","48.54","120.31M","8.51%"
"04/23/2025","48.05","49.24","50.83","47.63","152.00M","6.64%"
"04/22/2025","45.06","43.46","45.98","43.10","130.11M","7.64%"
"04/21/2025","41.86","43.37","43.64","40.24","114.77M","-7.31%"
"04/17/2025","45.16","46.09","46.29","44.35","101.10M","-0.29%"
"04/16/2025","45.29","46.83","48.01","43.16","134.57M","-9.04%"
"04/15/2025","49.79","49.96","51.21","49.19","104.67M","0.38%"
"04/14/2025","49.60","51.90","52.05","48.07","147.43M","2.10%"
"04/11/2025","48.58","45.67","49.07","44.62","179.29M","5.29%"
"04/10/2025","46.14","48.68","49.34","41.57","281.69M","-12.30%"
"04/09/2025","52.61","38.76","53.41","38.73","356.93M","35.24%"
"04/08/2025","38.90","45.39","46.81","37.10","251.15M","-5.70%"
"04/07/2025","41.25","36.75","46.83","35.00","395.73M","0.39%"
"04/04/2025","41.09","45.99","46.78","41.03","258.03M","-18.31%"
"04/03/2025","50.30","52.43","53.83","50.11","140.12M","-16.07%"
"04/02/2025","59.93","56.19","61.20","56.09","123.09M","2.23%"
"04/01/2025","58.62","56.68","58.99","55.62","97.10M","2.30%"
"03/31/2025","57.30","54.72","57.63","53.04","106.85M","-0.07%"
"03/28/2025","57.34","61.54","61.81","56.97","103.63M","-7.96%"
"03/27/2025","62.30","62.60","64.23","61.75","72.37M","-1.70%"
"03/26/2025","63.38","66.64","66.99","62.76","79.57M","-5.84%"
"03/25/2025","67.31","66.48","67.37","66.09","55.57M","1.78%"
"03/24/2025","66.13","65.06","66.53","64.82","63.41M","6.35%"
"03/21/2025","62.18","59.53","62.42","59.07","80.49M","0.94%"
"03/20/2025","61.60","60.66","63.63","60.37","88.41M","-1.03%"
"03/19/2025","62.24","60.68","63.91","59.94","92.59M","3.89%"
"03/18/2025","59.91","61.77","61.78","59.01","87.83M","-5.04%"
"03/17/2025","63.09","61.88","64.28","61.15","90.15M","1.94%"
"03/14/2025","61.89","59.71","62.23","59.50","99.11M","7.09%"
"03/13/2025","57.79","60.80","60.85","57.04","121.23M","-5.46%"
"03/12/2025","61.13","61.94","62.66","59.16","141.92M","3.42%"
"03/11/2025","59.11","59.40","61.85","57.37","139.49M","-1.17%"
"03/10/2025","59.81","64.00","64.19","57.88","156.14M","-11.27%"
"03/07/2025","67.41","65.56","68.01","62.89","135.18M","2.07%"
"03/06/2025","66.04","68.39","70.50","65.17","122.82M","-8.29%"
"03/05/2025","72.01","69.55","72.68","67.49","100.63M","3.90%"
"03/04/2025","69.31","68.76","72.77","66.01","130.84M","-1.10%"
"03/03/2025","70.08","76.37","77.05","68.43","91.95M","-6.46%"
"02/28/2025","74.92","71.46","75.17","70.07","93.18M","4.58%"
"02/27/2025","71.64","79.72","80.17","71.48","103.38M","-8.29%"
"02/26/2025","78.12","78.58","80.45","76.69","63.18M","0.64%"
"02/25/2025","77.62","80.33","80.38","75.78","75.60M","-3.82%"
"02/24/2025","80.70","84.50","85.05","80.50","53.23M","-3.60%"
"02/21/2025","83.71","89.77","89.79","83.47","59.31M","-6.26%"
"02/20/2025","89.30","90.05","90.23","86.89","40.13M","-1.22%"
"02/19/2025","90.40","90.00","91.12","88.92","34.26M","0.01%"
"02/18/2025","90.39","90.63","90.75","88.75","34.41M","0.62%"
"02/14/2025","89.83","88.81","90.18","88.60","38.03M","1.17%"
"02/13/2025","88.79","85.98","88.96","85.58","46.46M","4.21%"
"02/12/2025","85.20","82.28","85.61","82.10","48.49M","0.20%"
"02/11/2025","85.03","84.07","85.99","84.01","31.30M","-0.71%"
"02/10/2025","85.64","84.73","86.20","84.50","32.80M","3.52%"
"02/07/2025","82.73","86.26","87.19","82.35","55.44M","-3.81%"
"02/06/2025","86.01","84.96","86.13","84.19","38.22M","1.50%"
"02/05/2025","84.74","82.35","84.82","81.76","39.85M","1.30%"
"02/04/2025","83.65","80.91","83.94","80.73","42.32M","3.63%"
"02/03/2025","80.72","78.53","81.99","77.34","76.63M","-2.42%"
"01/31/2025","82.72","84.92","87.09","82.18","59.33M","-0.54%"
"01/30/2025","83.17","83.47","84.58","80.86","57.59M","1.25%"
"01/29/2025","82.14","82.91","82.98","80.26","59.24M","-0.62%"
"01/28/2025","82.65","79.58","83.17","78.00","50.52M","4.44%"
"01/27/2025","79.14","77.58","81.03","77.18","80.91M","-8.77%"
"01/24/2025","86.75","88.43","88.83","86.01","36.24M","-1.80%"
"01/23/2025","88.34","86.54","88.38","86.27","30.24M","0.62%"
"01/22/2025","87.80","86.84","88.91","86.71","43.13M","3.88%"
"01/21/2025","84.52","84.45","85.15","82.33","41.73M","1.66%"
"01/17/2025","83.14","83.69","83.94","81.84","43.68M","4.93%"
"01/16/2025","79.23","82.01","82.05","79.20","46.53M","-2.04%"
"01/15/2025","80.88","79.31","81.47","78.60","53.46M","6.76%"
"01/14/2025","75.76","77.48","78.06","74.19","62.64M","-0.36%"
"01/13/2025","76.03","74.05","76.20","73.34","56.69M","-1.04%"
"01/10/2025","76.83","78.80","78.82","75.23","72.83M","-4.77%"
"01/08/2025","80.68","80.56","81.41","78.44","48.01M","0.07%"
"01/07/2025","80.62","85.72","85.89","79.71","55.51M","-5.39%"
"01/06/2025","85.21","84.97","86.85","84.03","46.03M","3.41%"
"01/03/2025","82.40","79.99","82.91","79.62","46.22M","4.79%"
"01/02/2025","78.63","80.54","81.61","76.53","70.69M","-0.63%"
"12/31/2024","79.13","81.80","82.16","78.68","52.59M","-2.62%"
"12/30/2024","81.26","81.20","83.06","79.41","51.42M","-4.02%"
"12/27/2024","84.66","86.37","86.58","82.28","51.07M","-4.07%"
"12/26/2024","88.25","87.62","89.08","86.59","29.80M","-0.21%"
"12/24/2024","88.44","85.95","88.48","85.64","24.07M","3.97%"
"12/23/2024","85.06","83.45","85.24","81.83","41.82M","2.44%"
"12/20/2024","83.03","79.06","85.86","78.50","72.62M","2.59%"
"12/19/2024","80.93","84.27","84.53","80.75","56.66M","-1.41%"
"12/18/2024","82.09","91.65","92.57","81.29","67.42M","-10.81%"
"12/17/2024","92.04","92.33","92.91","91.17","34.58M","-1.34%"
"12/16/2024","93.29","90.72","93.79","90.67","34.98M","4.35%"
"12/13/2024","89.40","89.42","90.77","87.85","39.83M","2.15%"
"12/12/2024","87.52","88.13","88.77","87.28","33.17M","-1.98%"
"12/11/2024","89.29","86.88","89.62","86.68","37.45M","5.34%"
"12/10/2024","84.76","86.25","87.12","84.05","35.77M","-1.09%"
"12/09/2024","85.69","87.25","87.66","85.08","34.79M","-2.34%"
"12/06/2024","87.74","85.78","87.86","85.72","31.37M","2.57%"
"12/05/2024","85.54","86.25","86.64","85.34","27.01M","-0.82%"
"12/04/2024","86.25","84.87","86.37","84.51","35.00M","3.65%"
"12/03/2024","83.21","81.80","83.33","81.53","42.41M","0.89%"
"12/02/2024","82.48","80.48","82.95","80.29","36.82M","3.24%"
"11/29/2024","79.89","78.13","80.17","77.85","20.43M","2.55%"
"11/27/2024","77.90","79.29","79.31","76.33","39.23M","-2.42%"
"11/26/2024","79.83","79.29","80.25","78.89","34.87M","1.55%"
"11/25/2024","78.61","80.16","80.87","77.54","45.76M","0.46%"
"11/22/2024","78.25","77.64","78.61","76.88","39.97M","0.37%"
"11/21/2024","77.96","78.55","78.88","74.56","54.93M","0.98%"
"11/20/2024","77.20","77.15","77.29","74.11","50.63M","-0.12%"
"11/19/2024","77.29","74.55","77.55","74.42","40.04M","2.01%"
"11/18/2024","75.77","74.93","76.74","74.31","38.98M","2.02%"
"11/15/2024","74.27","77.27","77.45","73.29","60.30M","-7.23%"
"11/14/2024","80.06","81.59","82.03","79.62","38.83M","-2.12%"
"11/13/2024","81.79","81.86","83.09","80.68","37.49M","-0.44%"
"11/12/2024","82.15","82.54","82.97","80.65","34.14M","-0.54%"
"11/11/2024","82.60","83.33","83.43","81.18","35.40M","-0.18%"
"11/08/2024","82.75","82.22","83.11","81.91","35.03M","0.24%"
"11/07/2024","82.55","80.16","82.93","80.10","49.77M","4.68%"
"11/06/2024","78.86","76.66","79.22","76.19","59.40M","8.12%"
"11/05/2024","72.94","70.95","73.24","70.92","39.68M","3.80%"
"11/04/2024","70.27","70.64","71.75","69.51","41.11M","-0.93%"
"11/01/2024","70.93","70.08","72.36","69.97","48.34M","2.13%"
"10/31/2024","69.45","73.31","73.33","69.43","69.45M","-7.61%"
"10/30/2024","75.17","76.55","76.98","74.94","40.24M","-2.22%"
"10/29/2024","76.88","74.93","77.46","74.07","39.27M","2.77%"
"10/28/2024","74.81","76.19","76.19","74.66","34.58M","0.09%"
"10/25/2024","74.74","74.70","77.00","74.39","57.41M","1.69%"
"10/24/2024","73.50","73.42","73.80","72.24","39.31M","2.38%"
"10/23/2024","71.79","74.17","74.47","70.28","59.09M","-4.62%"
"10/22/2024","75.27","73.81","75.95","73.46","38.15M","0.29%"
"10/21/2024","75.05","74.06","75.42","73.18","37.50M","0.55%"
"10/18/2024","74.64","74.46","75.15","74.13","32.08M","1.77%"
"10/17/2024","73.34","75.58","75.60","73.25","48.85M","0.30%"
"10/16/2024","73.12","73.24","73.49","71.67","35.39M","-0.05%"
"10/15/2024","73.16","76.35","76.65","72.14","53.15M","-3.99%"
"10/14/2024","76.20","75.44","76.82","75.21","33.85M","2.56%"
"10/11/2024","74.30","73.17","74.80","72.90","35.37M","0.26%"
"10/10/2024","74.11","73.32","74.95","72.72","43.03M","-0.35%"
"10/09/2024","74.37","72.52","74.63","72.06","39.35M","2.41%"
"10/08/2024","72.62","70.66","72.98","70.31","38.96M","4.34%"
"10/07/2024","69.60","71.05","71.58","69.06","41.20M","-3.29%"
"10/04/2024","71.97","72.00","72.16","69.78","55.47M","3.52%"
"10/03/2024","69.52","68.73","70.81","68.39","48.87M","-0.23%"
"10/02/2024","69.68","69.01","70.54","67.87","39.56M","0.37%"
"10/01/2024","69.42","72.28","72.43","67.70","67.38M","-4.24%"
"09/30/2024","72.49","71.46","72.62","70.18","43.17M","0.78%"
"09/27/2024","71.93","73.62","73.66","71.39","41.47M","-1.72%"
"09/26/2024","73.19","74.92","75.07","71.58","53.50M","2.12%"
"09/25/2024","71.67","71.14","72.49","71.06","32.36M","0.03%"
"09/24/2024","71.65","71.28","72.09","69.38","40.63M","1.42%"
"09/23/2024","70.65","70.62","71.15","70.04","34.92M","0.74%"
"09/20/2024","70.13","70.15","70.68","68.31","48.38M","-0.64%"
"09/19/2024","70.58","70.30","71.80","69.41","57.40M","7.56%"
"09/18/2024","65.62","67.02","68.76","65.39","83.20M","-1.31%"
"09/17/2024","66.49","67.70","68.26","65.47","51.56M","0.06%"
"09/16/2024","66.45","66.42","66.71","65.03","41.17M","-1.34%"
"09/13/2024","67.35","66.15","67.87","66.05","43.98M","1.31%"
"09/12/2024","66.48","64.63","66.89","63.89","55.17M","2.96%"
"09/11/2024","64.57","61.18","64.95","57.77","81.74M","6.38%"
"09/10/2024","60.70","59.78","60.92","58.20","45.79M","2.69%"
"09/09/2024","59.11","58.57","59.49","57.33","55.42M","3.72%"
"09/06/2024","56.99","61.61","61.97","56.72","84.95M","-8.11%"
"09/05/2024","62.02","61.14","63.72","60.72","55.09M","0.32%"
"09/04/2024","61.82","61.04","63.37","60.65","48.40M","-0.85%"
"09/03/2024","62.35","67.26","67.32","61.29","73.79M","-9.12%"
"08/30/2024","68.61","68.12","68.87","66.18","46.47M","3.41%"
"08/29/2024","66.35","67.45","69.43","65.79","60.02M","-0.52%"
"08/28/2024","66.70","68.80","69.12","65.16","59.31M","-3.39%"
"08/27/2024","69.04","67.73","69.50","66.85","35.77M","0.85%"
"08/26/2024","68.46","70.27","70.67","67.53","42.49M","-2.93%"
"08/23/2024","70.53","70.20","71.72","68.50","64.38M","3.14%"
"08/22/2024","68.38","72.86","73.16","67.92","63.75M","-4.80%"
"08/21/2024","71.83","71.18","72.66","70.42","51.50M","1.37%"
"08/20/2024","70.86","70.90","72.06","70.09","48.93M","-0.62%"
"08/19/2024","71.30","68.68","71.35","67.89","45.80M","3.88%"
"08/16/2024","68.64","67.62","69.25","67.19","44.84M","0.26%"
"08/15/2024","68.46","66.13","68.63","65.99","53.21M","7.52%"
"08/14/2024","63.67","63.99","64.64","61.87","62.36M","0.17%"
"08/13/2024","63.56","60.96","63.71","60.90","54.48M","7.27%"
"08/12/2024","59.25","59.23","60.40","58.11","54.49M","0.68%"
"08/09/2024","58.85","57.44","59.53","57.00","62.80M","1.36%"
"08/08/2024","58.06","55.45","58.35","54.01","76.44M","9.16%"
"08/07/2024","53.19","57.57","58.51","53.00","91.38M","-3.22%"
"08/06/2024","54.96","54.13","57.75","53.14","96.45M","2.50%"
"08/05/2024","53.62","49.33","56.19","48.80","143.96M","-8.72%"
"08/02/2024","58.74","59.65","60.72","57.00","104.92M","-7.29%"
"08/01/2024","63.36","68.58","70.22","61.70","105.35M","-7.21%"
"07/31/2024","68.28","66.98","69.00","66.38","86.70M","8.74%"
"07/30/2024","62.79","66.28","66.59","61.34","71.53M","-4.08%"
"07/29/2024","65.46","66.27","67.19","64.52","57.82M","0.58%"
"07/26/2024","65.08","65.00","66.34","63.78","68.70M","2.86%"
"07/25/2024","63.27","65.56","67.34","62.13","94.06M","-3.33%"
"07/24/2024","65.45","70.23","70.38","65.04","79.79M","-10.78%"
"07/23/2024","73.36","73.73","75.13","73.14","43.56M","-1.08%"
"07/22/2024","74.16","73.65","74.63","72.12","56.40M","4.36%"
"07/19/2024","71.06","72.80","73.97","70.44","59.12M","-2.71%"
"07/18/2024","73.04","75.81","75.92","71.55","65.84M","-1.50%"
"07/17/2024","74.15","77.33","77.57","74.09","71.42M","-8.79%"
"07/16/2024","81.30","81.94","82.35","79.74","41.82M","0.07%"
"07/15/2024","81.24","81.47","83.62","80.23","54.95M","0.74%"
"07/12/2024","80.64","79.51","82.94","79.29","50.51M","1.63%"
"07/11/2024","79.35","84.97","85.06","78.70","74.66M","-6.57%"
"07/10/2024","84.93","83.32","85.20","82.67","38.78M","3.13%"
"07/09/2024","82.35","82.92","83.49","81.62","36.19M","0.22%"
"07/08/2024","82.17","81.81","82.46","81.28","36.68M","0.66%"
"07/05/2024","81.63","79.57","81.85","79.43","39.81M","3.03%"
"07/03/2024","79.23","76.95","79.31","76.95","28.08M","2.46%"
"07/02/2024","77.33","74.29","77.38","74.24","37.48M","3.07%"
"07/01/2024","75.03","74.16","75.29","72.42","43.28M","1.64%"
"06/28/2024","73.82","75.29","77.53","73.45","53.90M","-1.57%"
"06/27/2024","75.00","74.32","75.70","73.92","37.06M","0.73%"
"06/26/2024","74.46","73.60","74.70","73.41","36.27M","0.24%"
"06/25/2024","74.28","72.79","74.43","72.37","39.30M","3.34%"
"06/24/2024","71.88","73.82","74.63","71.80","46.88M","-3.39%"
"06/21/2024","74.40","74.90","75.53","73.72","38.86M","-0.92%"
"06/20/2024","75.09","77.46","77.66","74.22","52.73M","-2.35%"
"06/18/2024","76.90","76.83","77.23","76.06","33.22M","0.05%"
"06/17/2024","76.86","74.28","77.72","73.67","46.68M","3.63%"
"06/14/2024","74.17","72.95","74.21","72.73","35.78M","1.45%"
"06/13/2024","73.11","73.57","73.89","72.07","43.64M","1.60%"
"06/12/2024","71.96","71.01","73.02","70.72","62.20M","3.94%"
"06/11/2024","69.23","67.32","69.32","66.66","35.69M","2.06%"
"06/10/2024","67.83","66.59","68.06","66.48","36.23M","1.06%"
"06/07/2024","67.12","67.12","68.32","66.62","44.97M","-0.37%"
"06/06/2024","67.37","67.74","67.88","66.85","36.52M","-0.12%"
"06/05/2024","67.45","65.12","67.48","64.65","52.44M","6.04%"
"06/04/2024","63.61","63.00","64.13","62.27","44.25M","0.74%"
"06/03/2024","63.14","63.73","64.15","60.96","55.72M","0.98%"
"05/31/2024","62.53","62.60","62.89","58.96","71.87M","-0.11%"
"05/30/2024","62.60","64.25","64.29","61.99","42.78M","-3.22%"
"05/29/2024","64.68","64.24","65.44","64.20","39.64M","-2.09%"
"05/28/2024","66.06","65.86","66.10","64.80","41.59M","1.09%"
"05/24/2024","65.35","64.25","65.89","63.94","41.28M","2.80%"
"05/23/2024","63.57","66.50","66.51","62.80","65.44M","-1.49%"
"05/22/2024","64.53","64.69","65.00","63.42","40.02M","-0.06%"
"05/21/2024","64.57","63.44","64.67","63.35","31.16M","0.51%"
"05/20/2024","64.24","63.02","64.53","62.94","37.27M","2.07%"
"05/17/2024","62.94","63.09","63.35","62.02","35.05M","-0.22%"
"05/16/2024","63.08","63.36","64.20","62.99","43.86M","-0.61%"
"05/15/2024","63.47","61.69","63.62","61.06","65.24M","4.62%"
"05/14/2024","60.67","59.36","60.90","59.28","46.48M","1.86%"
"05/13/2024","59.56","59.92","59.97","58.98","33.86M","0.66%"
"05/10/2024","59.17","59.36","60.07","58.54","46.33M","0.68%"
"05/09/2024","58.77","58.50","59.00","57.75","40.72M","0.55%"
"05/08/2024","58.45","57.50","59.01","57.45","39.01M","-0.19%"
"05/07/2024","58.56","58.72","59.23","58.28","46.66M","0.00%"
"05/06/2024","58.56","57.42","58.60","57.12","41.27M","3.28%"
"05/03/2024","56.70","56.33","57.11","55.73","75.44M","5.96%"
"05/02/2024","53.51","52.92","53.85","51.20","62.41M","3.70%"
"05/01/2024","51.60","52.15","54.80","51.27","104.04M","-2.15%"
"04/30/2024","52.74","55.30","55.85","52.73","62.62M","-5.73%"
"04/29/2024","55.94","56.08","56.33","54.88","51.18M","1.19%"
"04/26/2024","55.28","54.03","55.87","53.77","68.00M","4.60%"
"04/25/2024","52.85","50.90","53.19","50.48","86.41M","-1.60%"
"04/24/2024","53.71","54.32","54.91","52.83","72.16M","0.98%"
"04/23/2024","53.19","51.62","53.62","51.49","75.92M","4.46%"
"04/22/2024","50.92","50.38","51.77","49.17","71.30M","2.91%"
"04/19/2024","49.48","52.28","52.47","48.85","125.40M","-6.20%"
"04/18/2024","52.75","53.89","54.56","52.51","86.39M","-1.79%"
"04/17/2024","53.71","56.54","56.55","53.35","85.51M","-3.71%"
"04/16/2024","55.78","55.69","56.81","55.24","81.88M","0.02%"
"04/15/2024","55.77","60.20","60.23","55.44","101.83M","-5.02%"
"04/12/2024","58.72","59.88","60.35","58.12","86.29M","-4.83%"
"04/11/2024","61.70","59.61","62.06","58.68","73.47M","4.70%"
"04/10/2024","58.93","58.36","59.28","58.06","101.04M","-2.63%"
"04/09/2024","60.52","60.81","60.94","58.58","60.16M","1.04%"
"04/08/2024","59.90","60.21","60.66","59.31","44.86M","0.07%"
"04/05/2024","59.86","58.40","60.93","58.06","77.45M","3.53%"
"04/04/2024","57.82","62.35","62.61","57.74","83.76M","-4.71%"
"04/03/2024","60.68","59.40","61.46","59.38","55.84M","0.66%"
"04/02/2024","60.28","59.87","60.42","59.00","54.84M","-2.68%"
"04/01/2024","61.94","61.92","62.99","61.12","56.15M","0.62%"
"03/28/2024","61.56","61.89","62.23","61.40","43.51M","-0.63%"
"03/27/2024","61.95","62.57","62.63","60.71","55.69M","0.88%"
"03/26/2024","61.41","62.61","63.01","61.28","46.99M","-0.94%"
"03/25/2024","61.99","61.48","62.63","61.06","43.33M","-1.02%"
"03/22/2024","62.63","62.27","63.17","61.90","45.79M","0.21%"
"03/21/2024","62.50","63.75","63.95","62.42","63.27M","1.30%"
"03/20/2024","61.70","60.07","61.83","59.36","78.28M","3.18%"
"03/19/2024","59.80","58.54","59.98","57.68","59.41M","0.69%"
"03/18/2024","59.39","59.88","60.80","59.29","64.60M","2.82%"
"03/15/2024","57.76","58.69","58.92","57.28","70.44M","-3.65%"
"03/14/2024","59.95","60.87","61.10","58.79","81.24M","-0.81%"
"03/13/2024","60.44","61.44","61.46","59.97","71.89M","-2.33%"
"03/12/2024","61.88","60.29","62.04","58.96","85.28M","4.25%"
"03/11/2024","59.36","59.41","59.88","58.56","73.39M","-1.17%"
"03/08/2024","60.06","62.92","64.13","59.77","148.23M","-4.38%"
"03/07/2024","62.81","61.55","63.31","60.91","71.19M","4.46%"
"03/06/2024","60.13","60.74","61.43","59.35","90.84M","1.85%"
"03/05/2024","59.04","61.10","61.10","58.02","96.60M","-5.35%"
"03/04/2024","62.38","63.09","63.28","62.31","60.21M","-1.19%"
"03/01/2024","63.13","60.75","63.51","60.73","70.48M","4.59%"
"02/29/2024","60.36","60.08","60.85","58.78","68.48M","2.41%"
"02/28/2024","58.94","59.03","59.53","58.55","61.75M","-1.62%"
"02/27/2024","59.91","59.96","60.09","58.87","54.70M","0.62%"
"02/26/2024","59.54","59.94","60.37","59.43","54.94M","-0.13%"
"02/23/2024","59.62","60.83","61.22","59.22","70.20M","-0.91%"
"02/22/2024","60.17","58.78","60.60","58.49","89.64M","8.65%"
"02/21/2024","55.38","54.97","55.42","53.82","77.29M","-1.25%"
"02/20/2024","56.08","56.58","57.18","54.55","81.66M","-2.32%"
"02/16/2024","57.41","59.16","59.21","57.11","75.97M","-2.74%"
"02/15/2024","59.03","58.81","59.21","57.73","65.03M","0.84%"
"02/14/2024","58.54","57.80","58.75","56.86","78.08M","3.17%"
"02/13/2024","56.74","56.24","57.87","55.44","94.47M","-4.73%"
"02/12/2024","59.56","60.21","61.14","59.28","58.13M","-1.18%"
"02/09/2024","60.27","59.03","60.61","58.71","55.11M","2.94%"
"02/08/2024","58.55","58.31","58.89","58.02","49.46M","0.41%"
"02/07/2024","58.31","57.69","58.66","57.17","65.91M","2.98%"
"02/06/2024","56.62","57.38","57.64","55.64","70.06M","-0.58%"
"02/05/2024","56.95","57.19","57.42","55.57","69.97M","-0.51%"
"02/02/2024","57.24","55.18","57.68","54.79","99.25M","5.03%"
"02/01/2024","54.50","53.29","54.64","52.91","81.13M","3.53%"
"01/31/2024","52.64","54.19","54.98","52.58","101.73M","-5.88%"
"01/30/2024","55.93","56.69","56.92","55.60","59.78M","-2.00%"
"01/29/2024","57.07","55.61","57.20","55.34","57.99M","2.94%"
"01/26/2024","55.44","55.68","56.39","55.18","64.19M","-1.84%"
"01/25/2024","56.48","57.26","57.53","55.52","75.70M","0.28%"
"01/24/2024","56.32","56.95","57.90","56.12","89.86M","1.64%"
"01/23/2024","55.41","55.01","55.48","54.28","56.09M","1.19%"
"01/22/2024","54.76","55.41","55.92","54.51","74.83M","0.40%"
"01/19/2024","54.54","52.32","54.62","52.10","93.18M","5.78%"
"01/18/2024","51.56","50.59","51.72","50.11","91.07M","4.29%"
"01/17/2024","49.44","49.07","49.59","47.87","83.28M","-1.73%"
"01/16/2024","50.31","49.88","50.91","49.33","72.94M","-0.06%"
"01/12/2024","50.34","50.67","50.98","49.84","64.11M","0.12%"
"01/11/2024","50.28","50.45","50.97","48.40","95.11M","0.48%"
"01/10/2024","50.04","49.17","50.41","48.84","73.81M","1.98%"
"01/09/2024","49.07","47.66","49.41","47.61","74.22M","0.66%"
"01/08/2024","48.75","46.39","48.90","46.33","67.69M","6.02%"
"01/05/2024","45.98","45.86","46.92","45.47","85.24M","0.37%"
"01/04/2024","45.81","45.87","46.97","45.73","71.87M","-1.67%"
"01/03/2024","46.59","47.17","47.54","46.43","83.91M","-3.20%"
"01/02/2024","48.13","49.35","49.43","47.26","88.14M","-5.07%"
"12/29/2023","50.70","51.38","51.52","50.00","67.12M","-1.38%"
"12/28/2023","51.41","51.92","52.01","51.27","42.88M","-0.25%"
"12/27/2023","51.54","51.35","51.66","51.02","55.75M","0.53%"
"12/26/2023","51.27","50.64","51.51","50.62","43.69M","1.83%"
"12/22/2023","50.35","50.60","50.94","49.64","66.21M","0.41%"
"12/21/2023","50.15","49.89","50.27","48.94","74.54M","3.31%"
"12/20/2023","48.54","50.48","51.27","48.46","88.08M","-4.86%"
"12/19/2023","51.02","50.42","51.06","50.35","60.17M","1.49%"
"12/18/2023","50.27","49.49","50.60","49.37","58.22M","2.09%"
"12/15/2023","49.24","48.94","49.79","48.70","78.37M","1.19%"
"12/14/2023","48.66","49.25","49.73","47.55","101.35M","-0.16%"
"12/13/2023","48.74","47.38","49.07","47.10","115.04M","3.53%"
"12/12/2023","47.08","45.98","47.10","45.57","71.45M","2.41%"
"12/11/2023","45.97","44.67","46.08","44.60","75.77M","2.54%"
"12/08/2023","44.83","43.65","45.00","43.58","90.89M","1.20%"
"12/07/2023","44.30","43.48","44.54","43.11","81.38M","4.19%"
"12/06/2023","42.52","44.28","44.32","42.41","81.50M","-1.78%"
"12/05/2023","43.29","42.31","43.70","42.26","83.77M","0.72%"
"12/04/2023","42.98","42.91","43.07","41.73","90.57M","-2.85%"
"12/01/2023","44.24","43.49","44.44","42.92","86.47M","0.84%"
"11/30/2023","43.87","44.30","44.46","42.84","93.20M","-0.84%"
"11/29/2023","44.24","45.24","45.73","44.13","88.76M","-0.36%"
"11/28/2023","44.40","43.80","44.60","43.67","79.17M","0.79%"
"11/27/2023","44.05","44.01","44.74","43.76","60.93M","-0.29%"
"11/24/2023","44.18","44.25","44.45","43.85","31.99M","-0.50%"
"11/22/2023","44.40","44.57","45.42","44.05","85.93M","1.16%"
"11/21/2023","43.89","44.09","44.16","43.29","74.14M","-1.81%"
"11/20/2023","44.70","43.15","44.95","43.14","83.29M","3.57%"
"11/17/2023","43.16","42.88","43.50","42.56","78.93M","0.07%"
"11/16/2023","43.13","42.76","43.21","42.33","89.02M","0.16%"
"11/15/2023","43.06","43.62","43.78","42.60","109.22M","0.28%"
"11/14/2023","42.94","42.47","43.28","42.29","116.78M","6.29%"
"11/13/2023","40.40","40.25","40.73","39.75","90.22M","-0.91%"
"11/10/2023","40.77","38.75","40.83","38.58","124.79M","6.67%"
"11/09/2023","38.22","39.34","39.71","38.06","129.18M","-2.38%"
"11/08/2023","39.15","39.20","39.43","38.43","93.98M","0.18%"
"11/07/2023","39.08","38.35","39.37","37.97","102.25M","2.82%"
"11/06/2023","38.01","37.81","38.21","37.32","91.80M","1.14%"
"11/03/2023","37.58","36.70","37.98","36.63","114.33M","3.53%"
"11/02/2023","36.30","35.76","36.38","35.40","117.07M","5.31%"
"11/01/2023","34.47","33.00","34.63","32.97","166.32M","5.16%"
"10/31/2023","32.78","32.32","32.88","31.60","111.46M","1.45%"
"10/30/2023","32.31","31.95","32.69","31.58","132.15M","3.23%"
"10/27/2023","31.30","31.58","32.23","30.95","147.35M","1.43%"
"10/26/2023","30.86","32.38","32.64","30.47","187.02M","-5.83%"
"10/25/2023","32.77","34.63","34.68","32.58","164.18M","-7.32%"
"10/24/2023","35.36","34.90","35.59","34.40","122.54M","2.82%"
"10/23/2023","34.39","33.67","35.41","33.06","131.80M","0.88%"
"10/20/2023","34.09","35.52","35.70","34.02","138.86M","-4.51%"
"10/19/2023","35.70","37.15","37.51","35.44","185.03M","-2.67%"
"10/18/2023","36.68","37.47","38.18","36.33","131.58M","-4.23%"
"10/17/2023","38.30","37.52","38.82","36.85","105.19M","-0.96%"
"10/16/2023","38.67","37.82","39.00","37.77","86.58M","3.37%"
"10/13/2023","37.41","39.09","39.28","36.97","130.09M","-3.78%"
"10/12/2023","38.88","39.47","40.05","38.12","118.25M","-1.17%"
"10/11/2023","39.34","38.94","39.41","38.40","95.86M","2.13%"
"10/10/2023","38.52","38.01","39.37","37.85","108.05M","1.64%"
"10/09/2023","37.90","36.61","38.09","36.14","105.48M","1.47%"
"10/06/2023","37.35","34.65","37.69","34.41","147.45M","5.03%"
"10/05/2023","35.56","35.89","36.00","34.50","109.00M","-1.06%"
"10/04/2023","35.94","34.78","36.19","34.64","126.38M","4.05%"
"10/03/2023","34.54","35.71","36.39","34.04","133.27M","-5.29%"
"10/02/2023","36.47","35.67","36.90","35.48","118.23M","2.39%"
"09/29/2023","35.62","36.58","37.00","35.23","143.43M","0.23%"
"09/28/2023","35.54","34.39","36.17","34.13","134.07M","2.42%"
"09/27/2023","34.70","34.81","35.27","33.63","128.44M","0.61%"
"09/26/2023","34.49","35.31","35.48","34.17","105.34M","-4.46%"
"09/25/2023","36.10","35.31","36.14","35.01","81.27M","1.33%"
"09/22/2023","35.63","36.13","36.78","35.52","94.09M","0.07%"
"09/21/2023","35.60","36.55","36.78","35.57","108.41M","-5.70%"
"09/20/2023","37.75","39.77","39.90","37.70","98.02M","-4.67%"
"09/19/2023","39.60","39.41","39.83","38.60","74.37M","-0.60%"
"09/18/2023","39.84","39.43","40.22","39.33","62.40M","0.23%"
"09/15/2023","39.75","41.45","41.59","39.43","89.92M","-5.13%"
"09/14/2023","41.90","41.50","42.24","40.80","76.19M","2.34%"
"09/13/2023","40.94","40.58","41.49","40.19","85.42M","0.99%"
"09/12/2023","40.54","41.34","41.81","40.40","77.76M","-3.20%"
"09/11/2023","41.88","41.49","42.09","40.84","70.86M","3.41%"
"09/08/2023","40.50","40.31","41.24","40.17","74.88M","0.30%"
"09/07/2023","40.38","39.74","40.60","39.38","84.31M","-2.18%"
"09/06/2023","41.28","42.14","42.24","40.58","74.03M","-2.64%"
"09/05/2023","42.40","41.97","42.82","41.66","61.89M","0.26%"
"09/01/2023","42.29","43.21","43.36","41.75","82.53M","-0.35%"
"08/31/2023","42.44","42.04","42.98","42.02","81.12M","0.90%"
"08/30/2023","42.06","41.43","42.28","41.08","92.98M","1.67%"
"08/29/2023","41.37","38.80","41.52","38.69","93.75M","6.38%"
"08/28/2023","38.89","38.95","39.17","38.08","91.32M","2.23%"
"08/25/2023","38.04","37.43","38.56","36.35","139.14M","2.37%"
"08/24/2023","37.16","40.88","40.90","37.10","116.20M","-6.59%"
"08/23/2023","39.78","38.35","40.12","38.28","87.73M","4.71%"
"08/22/2023","37.99","38.97","38.98","37.77","90.39M","-0.45%"
"08/21/2023","38.16","36.87","38.38","36.71","95.74M","4.84%"
"08/18/2023","36.40","35.53","36.81","35.37","123.50M","-0.46%"
"08/17/2023","36.57","38.25","38.36","36.43","105.12M","-3.38%"
"08/16/2023","37.85","38.92","39.42","37.82","95.11M","-3.32%"
"08/15/2023","39.15","40.07","40.34","38.88","81.28M","-3.07%"
"08/14/2023","40.39","38.83","40.44","38.60","71.28M","3.33%"
"08/11/2023","39.09","39.03","39.67","38.60","100.79M","-2.01%"
"08/10/2023","39.89","40.66","41.75","39.37","130.28M","0.45%"
"08/09/2023","39.71","41.15","41.21","39.45","99.72M","-3.33%"
"08/08/2023","41.08","41.29","41.29","40.00","94.39M","-2.56%"
"08/07/2023","42.16","41.73","42.20","40.94","74.90M","2.48%"
"08/04/2023","41.14","42.39","43.17","40.97","123.73M","-1.39%"
"08/03/2023","41.72","41.11","42.46","41.05","101.35M","-0.71%"
"08/02/2023","42.02","43.69","43.69","41.53","129.02M","-6.54%"
"08/01/2023","44.96","44.79","45.23","44.21","77.25M","-0.77%"
"07/31/2023","45.31","45.33","45.71","44.82","79.50M","0.20%"
"07/28/2023","45.22","44.30","45.59","44.13","102.24M","5.41%"
"07/27/2023","42.90","45.11","45.69","42.45","130.55M","-0.86%"
"07/26/2023","43.27","43.32","43.85","42.44","102.88M","-1.03%"
"07/25/2023","43.72","43.08","44.28","43.08","69.10M","2.01%"
"07/24/2023","42.86","42.98","43.31","42.20","63.21M","0.40%"
"07/21/2023","42.69","43.88","44.18","42.51","102.55M","-0.88%"
"07/20/2023","43.07","45.16","45.70","42.69","116.93M","-7.02%"
"07/19/2023","46.32","46.73","47.14","45.82","100.29M","0.00%"
"07/18/2023","46.32","45.01","46.84","44.31","98.32M","2.39%"
"07/17/2023","45.24","44.28","45.57","44.11","72.76M","2.77%"
"07/14/2023","44.02","44.22","45.36","43.72","93.03M","-0.09%"
"07/13/2023","44.06","43.02","44.36","42.83","82.39M","4.98%"
"07/12/2023","41.97","41.83","42.44","41.15","115.17M","3.71%"
"07/11/2023","40.47","40.02","40.62","39.30","81.24M","1.43%"
"07/10/2023","39.90","39.76","40.11","38.93","86.01M","0.08%"
"07/07/2023","39.87","40.19","41.26","39.78","84.31M","-1.02%"
"07/06/2023","40.28","39.97","40.42","39.29","85.24M","-2.35%"
"07/05/2023","41.25","40.72","41.84","40.71","69.50M","-0.07%"
"07/03/2023","41.28","41.20","41.49","40.84","39.93M","0.68%"
"06/30/2023","41.00","40.40","41.35","40.29","92.15M","4.51%"
"06/29/2023","39.23","39.36","39.56","38.67","99.13M","-0.68%"
"06/28/2023","39.50","38.67","40.14","38.63","108.68M","0.61%"
"06/27/2023","39.26","37.85","39.50","37.60","97.68M","4.95%"
"06/26/2023","37.41","38.76","39.67","37.34","108.45M","-3.95%"
"06/23/2023","38.95","38.83","39.71","38.38","112.58M","-2.96%"
"06/22/2023","40.14","38.37","40.19","38.24","105.10M","3.32%"
"06/21/2023","38.85","40.08","40.22","38.50","99.63M","-4.31%"
"06/20/2023","40.60","40.29","41.08","39.60","84.12M","-0.49%"
"06/16/2023","40.80","42.41","42.44","40.65","112.41M","-1.92%"
"06/15/2023","41.60","39.74","42.09","39.51","127.94M","3.51%"
"06/14/2023","40.19","39.35","40.30","38.42","152.66M","2.13%"
"06/13/2023","39.35","39.37","39.63","38.32","133.27M","2.23%"
"06/12/2023","38.49","37.15","38.51","36.84","77.98M","5.11%"
"06/09/2023","36.62","36.68","37.62","36.19","103.97M","1.22%"
"06/08/2023","36.18","35.02","36.38","34.95","94.08M","3.43%"
"06/07/2023","34.98","36.94","37.56","34.77","114.24M","-5.10%"
"06/06/2023","36.86","36.69","37.16","36.26","79.75M","-0.11%"
"06/05/2023","36.90","36.76","37.70","36.56","103.13M","0.22%"
"06/02/2023","36.82","36.56","37.19","36.01","108.25M","2.25%"
"06/01/2023","36.01","34.74","36.43","34.41","108.38M","3.63%"
"05/31/2023","34.75","34.97","35.58","34.40","105.14M","-2.03%"
"05/30/2023","35.47","36.31","36.67","35.04","135.31M","1.40%"
"05/26/2023","34.98","32.81","35.25","32.79","126.39M","7.56%"
"05/25/2023","32.52","32.36","32.87","31.68","130.87M","7.22%"
"05/24/2023","30.33","30.27","30.70","29.77","117.97M","-1.62%"
"05/23/2023","30.83","31.56","31.90","30.73","106.32M","-3.87%"
"05/22/2023","32.07","31.68","32.36","31.67","83.31M","1.04%"
"05/19/2023","31.74","32.03","32.24","31.45","99.03M","-0.69%"
"05/18/2023","31.96","30.40","32.04","30.40","135.93M","5.37%"
"05/17/2023","30.33","29.55","30.48","29.23","101.10M","3.59%"
"05/16/2023","29.28","28.98","29.74","28.96","79.66M","0.38%"
"05/15/2023","29.17","28.85","29.25","28.43","86.47M","1.53%"
"05/12/2023","28.73","29.18","29.30","28.17","105.38M","-1.03%"
"05/11/2023","29.03","28.91","29.19","28.49","97.34M","0.83%"
"05/10/2023","28.79","28.52","29.02","27.87","151.55M","3.23%"
"05/09/2023","27.89","27.99","28.22","27.81","64.84M","-1.93%"
"05/08/2023","28.44","28.10","28.54","27.82","75.74M","0.82%"
"05/05/2023","28.21","27.12","28.46","27.03","97.80M","6.13%"
"05/04/2023","26.58","26.78","27.08","26.28","121.31M","-1.12%"
"05/03/2023","26.88","27.50","28.20","26.83","170.13M","-1.97%"
"05/02/2023","27.42","28.14","28.22","26.96","124.66M","-2.66%"
"05/01/2023","28.17","28.14","28.53","27.87","89.00M","-0.28%"
"04/28/2023","28.25","27.64","28.28","27.33","130.54M","2.02%"
"04/27/2023","27.69","26.56","27.83","26.39","127.82M","8.08%"
"04/26/2023","25.62","26.02","26.39","25.51","124.86M","1.67%"
"04/25/2023","25.20","26.28","26.45","25.17","138.29M","-5.65%"
"04/24/2023","26.71","26.81","27.17","26.14","107.65M","-0.60%"
"04/21/2023","26.87","26.70","27.09","26.25","114.44M","0.19%"
"04/20/2023","26.82","26.67","27.58","26.47","136.85M","-2.33%"
"04/19/2023","27.46","26.87","27.74","26.84","95.93M","-0.22%"
"04/18/2023","27.52","28.07","28.18","27.20","106.41M","0.07%"
"04/17/2023","27.50","27.35","27.62","26.81","114.31M","0.11%"
"04/14/2023","27.47","27.20","27.93","26.69","142.67M","-0.58%"
"04/13/2023","27.63","26.53","27.74","26.49","123.76M","5.74%"
"04/12/2023","26.13","27.34","27.49","26.00","174.02M","-2.65%"
"04/11/2023","26.84","27.36","27.37","26.70","104.26M","-1.94%"
"04/10/2023","27.37","26.64","27.38","26.17","118.53M","-0.22%"
"04/06/2023","27.43","26.46","27.56","26.11","120.96M","2.01%"
"04/05/2023","26.89","27.47","27.52","26.41","129.14M","-3.20%"
"04/04/2023","27.78","28.16","28.43","27.42","116.09M","-1.00%"
"04/03/2023","28.06","27.68","28.12","27.33","125.12M","-0.71%"
"03/31/2023","28.26","27.00","28.32","26.91","127.02M","4.90%"
"03/30/2023","26.94","26.82","27.09","26.49","130.15M","2.71%"
"03/29/2023","26.23","25.76","26.37","25.57","119.37M","5.47%"
"03/28/2023","24.87","25.14","25.14","24.29","118.02M","-1.66%"
"03/27/2023","25.29","25.99","26.26","25.06","136.80M","-2.05%"
"03/24/2023","25.82","25.44","25.84","24.84","169.79M","1.02%"
"03/23/2023","25.56","25.59","26.61","24.88","196.50M","3.57%"
"03/22/2023","24.68","25.71","26.96","24.65","237.92M","-4.64%"
"03/21/2023","25.88","25.31","26.00","24.93","135.15M","4.23%"
"03/20/2023","24.83","24.43","24.92","23.89","164.18M","1.06%"
"03/17/2023","24.57","24.93","25.51","24.10","201.77M","-1.48%"
"03/16/2023","24.94","22.88","25.03","22.72","229.02M","7.92%"
"03/15/2023","23.11","22.17","23.22","21.83","274.56M","1.45%"
"03/14/2023","22.78","22.12","22.91","21.92","217.16M","6.80%"
"03/13/2023","21.33","20.47","22.15","20.13","329.54M","2.16%"
"03/10/2023","20.88","21.82","22.16","20.62","314.86M","-4.13%"
"03/09/2023","21.78","23.11","23.71","21.59","196.83M","-5.26%"
"03/08/2023","22.99","22.75","23.14","22.33","145.49M","1.37%"
"03/07/2023","22.68","23.56","23.78","22.52","176.33M","-3.74%"
"03/06/2023","23.56","23.76","24.48","23.50","151.85M","0.43%"
"03/03/2023","23.46","22.50","23.53","22.38","151.68M","6.11%"
"03/02/2023","22.11","21.01","22.30","20.95","159.49M","2.41%"
"03/01/2023","21.59","22.06","22.21","21.37","154.39M","-2.44%"
"02/28/2023","22.13","22.08","22.72","22.00","127.32M","-0.49%"
"02/27/2023","22.24","22.48","22.80","22.10","138.75M","2.16%"
"02/24/2023","21.77","21.75","22.03","21.35","172.78M","-5.06%"
"02/23/2023","22.93","23.18","23.23","21.95","179.77M","2.50%"
"02/22/2023","22.37","22.45","22.85","21.98","167.34M","0.09%"
"02/21/2023","22.35","23.10","23.45","22.29","150.47M","-7.03%"
"02/17/2023","24.04","24.03","24.23","23.30","194.90M","-2.16%"
"02/16/2023","24.57","24.83","25.87","24.53","194.50M","-5.72%"
"02/15/2023","26.06","25.02","26.10","24.85","138.65M","2.24%"
"02/14/2023","25.49","24.53","25.74","24.05","255.74M","2.16%"
"02/13/2023","24.95","24.14","25.10","23.85","139.87M","4.74%"
"02/10/2023","23.82","23.76","24.26","23.22","183.93M","-2.06%"
"02/09/2023","24.32","26.05","26.09","23.93","197.60M","-2.68%"
"02/08/2023","24.99","26.05","26.30","24.81","181.26M","-5.38%"
"02/07/2023","26.41","24.83","26.69","24.54","259.89M","6.19%"
"02/06/2023","24.87","24.84","25.45","24.52","161.82M","-2.55%"
"02/03/2023","25.52","25.21","27.14","25.11","267.40M","-5.17%"
"02/02/2023","26.91","25.95","27.45","25.75","267.89M","10.33%"
"02/01/2023","24.39","22.86","24.95","22.36","271.64M","6.46%"
"01/31/2023","22.91","21.94","22.92","21.90","158.26M","4.47%"
"01/30/2023","21.93","22.55","22.90","21.85","173.91M","-6.00%"
"01/27/2023","23.33","22.36","23.82","22.33","188.41M","2.87%"
"01/26/2023","22.68","22.22","22.72","21.60","203.42M","5.78%"
"01/25/2023","21.44","20.56","21.59","19.98","218.08M","-0.74%"
"01/24/2023","21.60","21.36","21.87","21.24","145.01M","-0.60%"
"01/23/2023","21.73","20.55","22.00","20.38","194.04M","6.57%"
"01/20/2023","20.39","19.17","20.45","18.96","161.33M","8.17%"
"01/19/2023","18.85","19.07","19.31","18.58","166.37M","-3.13%"
"01/18/2023","19.46","20.58","20.91","19.39","186.65M","-3.71%"
"01/17/2023","20.21","20.06","20.51","19.81","139.76M","0.55%"
"01/13/2023","20.10","19.17","20.17","19.10","159.78M","1.98%"
"01/12/2023","19.71","19.51","19.92","18.59","280.93M","1.55%"
"01/11/2023","19.41","18.68","19.43","18.52","151.28M","4.98%"
"01/10/2023","18.49","17.82","18.49","17.70","164.36M","2.67%"
"01/09/2023","18.01","18.08","18.96","17.89","186.02M","2.10%"
"01/06/2023","17.64","16.65","17.90","16.10","233.45M","7.82%"
"01/05/2023","16.36","16.81","16.85","16.28","181.25M","-4.72%"
"01/04/2023","17.17","17.33","17.49","16.54","217.64M","1.54%"
"01/03/2023","16.91","17.74","18.04","16.47","179.93M","-2.25%"
"12/30/2022","17.30","16.76","17.30","16.50","150.97M","0.00%"
"12/29/2022","17.30","16.67","17.50","16.53","153.05M","7.05%"
"12/28/2022","16.16","16.75","17.20","16.10","182.43M","-4.04%"
"12/27/2022","16.84","17.46","17.48","16.72","131.60M","-4.26%"
"12/23/2022","17.59","17.21","17.72","16.83","165.07M","0.29%"
"12/22/2022","17.54","18.23","18.25","16.58","230.45M","-7.59%"
"12/21/2022","18.98","18.41","19.25","18.23","163.19M","4.34%"
"12/20/2022","18.19","18.00","18.56","17.67","172.88M","-0.44%"
"12/19/2022","18.27","19.10","19.13","17.98","155.27M","-4.14%"
"12/16/2022","19.06","19.48","19.81","18.71","175.64M","-2.95%"
"12/15/2022","19.64","20.86","21.03","19.35","214.03M","-9.91%"
"12/14/2022","21.80","22.21","22.99","21.08","289.46M","-2.37%"
"12/13/2022","22.33","24.17","24.23","21.72","347.69M","3.14%"
"12/12/2022","21.65","20.91","21.66","20.67","112.83M","3.64%"
"12/09/2022","20.89","21.05","21.69","20.77","177.00M","-1.92%"
"12/08/2022","21.30","20.87","21.50","20.39","188.92M","3.55%"
"12/07/2022","20.57","20.56","21.03","20.18","173.67M","-1.20%"
"12/06/2022","20.82","22.18","22.21","20.50","169.90M","-6.34%"
"12/05/2022","22.23","22.88","23.20","21.86","150.99M","-5.04%"
"12/02/2022","23.41","22.44","23.63","22.39","181.66M","-1.18%"
"12/01/2022","23.69","23.70","24.17","23.01","205.50M","0.55%"
"11/30/2022","23.56","20.85","23.65","20.65","272.73M","13.43%"
"11/29/2022","20.77","21.32","21.42","20.47","137.90M","-2.40%"
"11/28/2022","21.28","21.80","22.27","21.06","132.14M","-4.40%"
"11/25/2022","22.26","22.34","22.50","22.15","67.38M","-2.07%"
"11/23/2022","22.73","22.05","22.87","22.01","178.78M","2.99%"
"11/22/2022","22.07","21.33","22.10","20.83","146.24M","4.20%"
"11/21/2022","21.18","21.52","21.80","20.97","144.11M","-3.02%"
"11/18/2022","21.84","22.56","22.58","21.28","194.79M","-0.09%"
"11/17/2022","21.86","20.95","22.21","20.91","213.46M","-0.77%"
"11/16/2022","22.03","22.50","22.58","21.82","191.68M","-4.05%"
"11/15/2022","22.96","23.65","23.95","22.18","318.27M","4.03%"
"11/14/2022","22.07","22.17","22.96","21.82","214.23M","-2.65%"
"11/11/2022","22.67","21.43","22.83","21.12","307.13M","5.69%"
"11/10/2022","21.45","20.15","21.54","19.70","328.44M","21.88%"
"11/09/2022","17.60","18.53","18.70","17.53","215.57M","-6.98%"
"11/08/2022","18.92","18.85","19.62","18.09","296.06M","2.16%"
"11/07/2022","18.52","18.16","18.64","17.71","200.94M","3.18%"
"11/04/2022","17.95","18.13","18.35","16.85","382.37M","4.66%"
"11/03/2022","17.15","17.65","17.95","17.04","212.23M","-5.77%"
"11/02/2022","18.20","20.28","20.98","18.18","331.48M","-10.34%"
"11/01/2022","20.30","21.74","21.87","20.21","215.23M","-3.10%"
"10/31/2022","20.95","21.17","21.36","20.49","209.56M","-3.46%"
"10/28/2022","21.70","19.75","21.81","19.71","255.39M","9.05%"
"10/27/2022","19.90","20.79","21.12","19.77","256.63M","-5.51%"
"10/26/2022","21.06","21.18","22.50","20.93","282.52M","-6.61%"
"10/25/2022","22.55","21.48","22.64","21.47","238.40M","6.02%"
"10/24/2022","21.27","20.63","21.47","19.80","274.62M","3.40%"
"10/21/2022","20.57","18.98","20.69","18.73","313.73M","7.08%"
"10/20/2022","19.21","19.33","20.47","18.96","264.85M","-1.69%"
"10/19/2022","19.54","19.41","20.24","19.01","259.85M","-1.21%"
"10/18/2022","19.78","20.86","21.00","19.17","346.28M","2.49%"
"10/17/2022","19.30","18.81","19.50","18.80","230.02M","9.85%"
"10/14/2022","17.57","19.85","19.98","17.46","335.07M","-9.01%"
"10/13/2022","19.31","16.51","19.62","16.32","414.75M","6.69%"
"10/12/2022","18.10","18.23","18.64","17.93","200.74M","-0.22%"
"10/11/2022","18.14","18.52","19.14","17.74","264.87M","-3.97%"
"10/10/2022","18.89","19.51","19.61","18.30","206.50M","-3.13%"
"10/07/2022","19.50","20.88","20.91","19.16","250.97M","-11.40%"
"10/06/2022","22.01","22.30","23.06","21.92","237.54M","-2.52%"
"10/05/2022","22.58","21.67","23.00","21.01","229.20M","0.00%"
"10/04/2022","22.58","21.90","22.76","21.89","231.66M","9.29%"
"10/03/2022","20.66","19.70","21.01","19.36","223.61M","6.94%"
"09/30/2022","19.32","20.16","21.09","19.28","256.60M","-5.25%"
"09/29/2022","20.39","21.31","21.39","19.62","270.10M","-8.44%"
"09/28/2022","22.27","21.03","22.59","20.68","256.02M","5.85%"
"09/27/2022","21.04","21.82","22.35","20.50","271.96M","0.10%"
"09/26/2022","21.02","21.16","22.21","20.83","245.30M","-1.36%"
"09/23/2022","21.31","21.80","21.86","20.45","280.65M","-4.78%"
"09/22/2022","22.38","22.85","23.11","22.07","215.54M","-3.70%"
"09/21/2022","23.24","24.81","25.92","23.23","295.56M","-5.49%"
"09/20/2022","24.59","24.53","25.19","23.98","161.06M","-2.38%"
"09/19/2022","25.19","23.94","25.23","23.92","151.35M","2.40%"
"09/16/2022","24.60","24.21","24.73","23.67","196.07M","-1.95%"
"09/15/2022","25.09","25.88","26.55","24.65","196.86M","-5.03%"
"09/14/2022","26.42","26.13","26.67","25.64","154.65M","2.24%"
"09/13/2022","25.84","28.24","28.61","25.56","195.65M","-16.46%"
"09/12/2022","30.93","30.30","31.03","30.19","136.57M","3.65%"
"09/09/2022","29.84","28.68","30.02","28.66","149.37M","6.34%"
"09/08/2022","28.06","27.03","28.42","26.64","205.40M","1.63%"
"09/07/2022","27.61","26.18","27.90","26.11","165.78M","5.91%"
"09/06/2022","26.07","26.76","27.02","25.46","180.54M","-2.29%"
"09/02/2022","26.68","28.64","29.04","26.17","227.23M","-4.17%"
"09/01/2022","27.84","27.08","27.93","26.02","198.66M","0.11%"
"08/31/2022","27.81","29.16","29.40","27.77","170.52M","-1.84%"
"08/30/2022","28.33","29.79","29.95","27.56","163.51M","-3.34%"
"08/29/2022","29.31","29.35","30.12","28.96","124.22M","-3.08%"
"08/26/2022","30.24","34.35","34.74","30.20","183.14M","-12.17%"
"08/25/2022","34.43","33.28","34.44","32.94","111.03M","5.26%"
"08/24/2022","32.71","32.30","33.30","32.10","93.50M","0.77%"
"08/23/2022","32.46","32.43","33.35","32.20","109.76M","-0.34%"
"08/22/2022","32.57","33.89","33.97","32.26","112.49M","-7.86%"
"08/19/2022","35.35","36.48","36.70","35.06","112.13M","-5.86%"
"08/18/2022","37.55","37.26","37.96","36.69","96.07M","0.67%"
"08/17/2022","37.30","37.51","38.33","36.55","131.42M","-3.47%"
"08/16/2022","38.64","38.56","39.38","37.53","110.38M","-0.64%"
"08/15/2022","38.89","37.65","39.08","37.64","98.15M","2.40%"
"08/12/2022","37.98","36.60","38.05","36.24","105.59M","5.65%"
"08/11/2022","35.95","37.33","38.02","35.67","136.68M","-1.51%"
"08/10/2022","36.50","36.13","36.64","35.31","135.78M","8.21%"
"08/09/2022","33.73","34.28","34.37","33.19","109.20M","-3.44%"
"08/08/2022","34.93","35.60","36.83","34.44","134.38M","-1.02%"
"08/05/2022","35.29","34.43","35.98","34.15","141.95M","-2.38%"
"08/04/2022","36.15","35.69","36.26","34.96","126.78M","1.43%"
"08/03/2022","35.64","33.55","35.95","33.31","147.11M","8.00%"
"08/02/2022","33.00","32.54","34.35","32.21","162.69M","-0.93%"
"08/01/2022","33.31","32.78","34.42","32.44","142.64M","-0.15%"
"07/29/2022","33.36","32.13","33.65","31.67","146.07M","5.50%"
"07/28/2022","31.62","30.67","31.82","29.52","162.04M","2.86%"
"07/27/2022","30.74","28.60","31.25","28.43","170.96M","12.48%"
"07/26/2022","27.33","28.49","28.57","27.05","115.88M","-6.05%"
"07/25/2022","29.09","29.53","29.67","28.41","110.45M","-1.49%"
"07/22/2022","29.53","30.88","31.53","28.95","149.40M","-5.23%"
"07/21/2022","31.16","30.01","31.17","29.22","159.69M","4.25%"
"07/20/2022","29.89","28.66","30.25","28.44","188.56M","5.02%"
"07/19/2022","28.46","27.15","28.62","26.69","149.32M","8.75%"
"07/18/2022","26.17","27.61","28.00","25.82","159.95M","-2.31%"
"07/15/2022","26.79","26.27","26.85","25.81","154.38M","5.27%"
"07/14/2022","25.45","24.47","25.68","23.62","175.82M","1.03%"
"07/13/2022","25.19","23.84","25.83","23.69","180.58M","-0.63%"
"07/12/2022","25.35","26.44","26.98","24.91","159.62M","-2.91%"
"07/11/2022","26.11","27.20","27.27","25.86","129.22M","-6.38%"
"07/08/2022","27.89","26.99","28.31","26.71","159.73M","0.47%"
"07/07/2022","27.76","26.38","28.00","26.37","137.87M","6.20%"
"07/06/2022","26.14","25.77","26.72","25.28","206.12M","1.91%"
"07/05/2022","25.65","23.41","25.68","23.00","220.55M","5.17%"
"07/01/2022","24.39","23.60","24.50","23.10","208.60M","1.62%"
"06/30/2022","24.00","24.06","24.89","22.75","256.20M","-3.54%"
"06/29/2022","24.88","24.78","25.29","24.10","190.09M","0.20%"
"06/28/2022","24.83","27.46","28.21","24.76","188.12M","-9.11%"
"06/27/2022","27.32","28.35","28.50","27.00","169.13M","-2.36%"
"06/24/2022","27.98","26.11","28.04","26.05","151.82M","10.46%"
"06/23/2022","25.33","24.94","25.57","24.17","182.69M","4.28%"
"06/22/2022","24.29","23.71","25.45","23.55","194.49M","-0.37%"
"06/21/2022","24.38","23.82","24.98","23.78","159.20M","7.54%"
"06/17/2022","22.67","22.07","23.28","21.65","220.59M","3.71%"
"06/16/2022","21.86","22.99","23.12","21.32","212.14M","-12.21%"
"06/15/2022","24.90","24.06","25.92","23.34","274.91M","7.19%"
"06/14/2022","23.23","23.64","23.87","22.52","196.60M","0.65%"
"06/13/2022","23.08","24.27","24.98","22.82","213.37M","-13.85%"
"06/10/2022","26.79","28.25","28.62","26.67","171.68M","-10.67%"
"06/09/2022","29.99","32.07","33.06","29.93","137.98M","-8.15%"
"06/08/2022","32.65","33.08","33.94","32.33","112.85M","-2.04%"
"06/07/2022","33.33","31.42","33.60","31.05","137.44M","2.43%"
"06/06/2022","32.54","33.62","34.13","32.00","150.48M","1.24%"
"06/03/2022","32.14","33.14","33.63","31.76","162.36M","-7.91%"
"06/02/2022","34.90","31.92","34.98","31.45","168.43M","8.12%"
"06/01/2022","32.28","33.71","34.43","31.55","199.45M","-2.33%"
"05/31/2022","33.05","33.30","34.00","31.73","184.58M","-0.72%"
"05/27/2022","33.29","31.30","33.34","31.27","157.52M","9.80%"
"05/26/2022","30.32","27.76","30.78","27.68","168.57M","8.36%"
"05/25/2022","27.98","26.44","28.60","26.39","180.64M","4.01%"
"05/24/2022","26.90","27.15","27.36","25.42","183.24M","-6.24%"
"05/23/2022","28.69","27.65","28.83","26.96","170.52M","4.94%"
"05/20/2022","27.34","28.65","28.84","24.93","229.06M","-0.87%"
"05/19/2022","27.58","27.54","29.02","27.04","196.01M","-2.02%"
"05/18/2022","28.15","31.46","31.69","27.69","164.05M","-14.59%"
"05/17/2022","32.96","32.43","33.08","31.24","153.99M","7.54%"
"05/16/2022","30.65","31.13","31.78","30.18","159.19M","-3.10%"
"05/13/2022","31.63","29.85","32.00","29.38","197.97M","10.87%"
"05/12/2022","28.53","27.43","29.89","26.69","295.50M","-0.80%"
"05/11/2022","28.76","30.85","32.60","28.47","264.77M","-8.90%"
"05/10/2022","31.57","32.72","33.08","30.28","231.79M","3.44%"
"05/09/2022","30.52","32.56","33.42","30.01","210.21M","-11.82%"
"05/06/2022","34.61","35.09","36.53","33.10","233.40M","-3.49%"
"05/05/2022","35.86","40.50","40.51","34.52","227.78M","-14.90%"
"05/04/2022","42.14","38.49","42.45","36.53","219.40M","9.91%"
"05/03/2022","38.34","38.19","39.17","37.30","142.78M","0.24%"
"05/02/2022","38.25","36.25","38.28","35.13","155.95M","4.71%"
"04/29/2022","36.53","40.39","41.77","36.20","160.06M","-13.15%"
"04/28/2022","42.06","39.83","42.73","38.28","172.35M","10.57%"
"04/27/2022","38.04","38.17","40.22","37.37","158.35M","-0.44%"
"04/26/2022","38.21","42.22","42.29","38.10","166.13M","-11.24%"
"04/25/2022","43.05","40.81","43.16","40.31","166.44M","3.71%"
"04/22/2022","41.51","45.05","45.57","41.28","124.41M","-7.94%"
"04/21/2022","45.09","49.64","50.77","44.59","134.31M","-5.87%"
"04/20/2022","47.90","50.57","50.74","47.44","107.82M","-4.51%"
"04/19/2022","50.16","46.73","50.42","46.31","86.19M","6.43%"
"04/18/2022","47.13","46.47","48.01","45.82","87.76M","0.28%"
"04/14/2022","47.00","50.42","50.65","46.83","83.92M","-6.73%"
"04/13/2022","50.39","47.66","50.83","47.33","95.04M","5.99%"
"04/12/2022","47.54","50.16","50.97","46.89","123.96M","-1.29%"
"04/11/2022","48.16","49.83","50.27","47.95","92.96M","-7.10%"
"04/08/2022","51.84","53.22","53.59","51.50","102.09M","-4.09%"
"04/07/2022","54.05","53.23","55.09","51.58","114.83M","0.65%"
"04/06/2022","53.70","54.82","55.37","52.40","148.43M","-6.58%"
"04/05/2022","57.48","60.82","61.16","56.86","86.05M","-6.61%"
"04/04/2022","61.55","58.38","61.55","58.23","68.76M","6.25%"
"04/01/2022","57.93","58.43","58.81","56.40","88.08M","-0.43%"
"03/31/2022","58.18","60.64","60.83","57.90","84.05M","-4.14%"
"03/30/2022","60.69","61.68","62.54","59.80","83.91M","-3.00%"
"03/29/2022","62.57","61.52","62.96","60.14","102.01M","5.12%"
"03/28/2022","59.52","56.92","59.61","56.33","91.70M","4.55%"
"03/25/2022","56.93","57.04","57.56","54.85","99.40M","-0.16%"
"03/24/2022","57.02","54.43","57.09","53.41","85.58M","6.48%"
"03/23/2022","53.55","54.56","56.27","53.50","102.75M","-4.22%"
"03/22/2022","55.91","53.07","56.34","52.87","93.35M","5.91%"
"03/21/2022","52.79","52.86","53.92","50.77","110.55M","-0.71%"
"03/18/2022","53.17","49.46","53.41","48.93","100.79M","6.21%"
"03/17/2022","50.06","47.59","50.19","47.04","96.03M","3.34%"
"03/16/2022","48.44","45.16","48.48","43.69","163.09M","11.23%"
"03/15/2022","43.55","40.87","43.89","40.24","105.70M","9.26%"
"03/14/2022","39.86","41.81","43.13","39.56","123.13M","-5.86%"
"03/11/2022","42.34","46.34","46.47","42.09","98.91M","-6.20%"
"03/10/2022","45.14","44.90","45.62","43.19","112.79M","-3.22%"
"03/09/2022","46.64","45.40","47.20","44.35","109.54M","10.70%"
"03/08/2022","42.13","42.39","46.00","40.77","177.97M","-1.38%"
"03/07/2022","42.72","48.04","48.54","42.63","124.88M","-11.17%"
"03/04/2022","48.09","49.17","49.80","47.00","115.91M","-4.28%"
"03/03/2022","50.24","53.75","53.78","49.37","111.94M","-4.18%"
"03/02/2022","52.43","50.67","53.05","49.42","109.75M","4.78%"
"03/01/2022","50.04","51.92","52.97","48.85","124.07M","-4.61%"
"02/28/2022","52.46","50.46","53.19","49.92","121.70M","1.06%"
"02/25/2022","51.91","49.99","52.01","48.25","119.19M","4.74%"
"02/24/2022","49.56","40.76","49.85","40.61","194.87M","9.79%"
"02/23/2022","45.14","50.24","50.63","44.97","130.46M","-7.65%"
"02/22/2022","48.88","49.04","51.50","47.21","131.44M","-3.09%"
"02/18/2022","50.44","52.59","52.79","49.31","113.08M","-3.39%"
"02/17/2022","52.21","55.64","56.05","51.97","78.84M","-8.87%"
"02/16/2022","57.29","56.27","57.80","54.70","93.09M","-0.02%"
"02/15/2022","57.30","55.83","57.44","55.35","82.09M","7.24%"
"02/14/2022","53.43","52.90","54.97","51.70","95.06M","0.28%"
"02/11/2022","53.28","58.78","59.55","52.56","134.26M","-9.42%"
"02/10/2022","58.82","59.31","62.91","57.80","127.14M","-6.63%"
"02/09/2022","63.00","61.56","63.08","60.76","75.54M","6.20%"
"02/08/2022","59.32","56.80","59.83","56.23","79.30M","3.40%"
"02/07/2022","57.37","59.07","60.27","56.72","76.96M","-2.27%"
"02/04/2022","58.70","56.87","60.41","55.89","96.53M","3.45%"
"02/03/2022","56.74","59.32","61.07","56.12","105.58M","-12.03%"
"02/02/2022","64.50","65.22","65.37","62.35","100.82M","2.36%"
"02/01/2022","63.01","62.42","63.35","59.73","101.85M","1.91%"
"01/31/2022","61.83","57.04","62.06","56.22","113.75M","9.69%"
"01/28/2022","56.37","52.40","56.46","50.10","167.02M","9.33%"
"01/27/2022","51.56","55.40","56.24","51.04","161.76M","-2.99%"
"01/26/2022","53.15","56.99","58.85","51.37","207.84M","-0.19%"
"01/25/2022","53.25","54.15","56.31","51.75","173.75M","-7.38%"
"01/24/2022","57.49","53.85","57.75","48.17","255.90M","1.45%"
"01/21/2022","56.67","60.62","62.03","56.50","171.03M","-8.42%"
"01/20/2022","61.88","66.02","68.18","61.50","86.10M","-3.87%"
"01/19/2022","64.37","67.36","68.71","64.16","91.64M","-3.48%"
"01/18/2022","66.69","68.49","69.72","66.06","78.17M","-7.21%"
"01/14/2022","71.87","69.09","72.07","69.00","89.23M","1.51%"
"01/13/2022","70.80","77.13","77.55","70.02","86.77M","-7.26%"
"01/12/2022","76.34","76.99","77.96","74.94","138.37M","1.14%"
"01/11/2022","75.48","71.71","75.51","70.52","154.33M","4.40%"
"01/10/2022","72.30","69.18","72.47","66.05","179.22M","0.37%"
"01/07/2022","72.04","74.45","75.47","71.00","142.71M","-3.27%"
"01/06/2022","74.47","73.51","76.40","72.21","154.23M","-0.27%"
"01/05/2022","74.68","81.19","81.86","74.50","133.25M","-9.20%"
"01/04/2022","82.24","85.92","85.94","80.19","106.65M","-3.89%"
"01/03/2022","85.57","83.92","85.72","82.56","76.51M","2.89%"
"12/31/2021","83.17","84.32","85.20","82.86","60.25M","-1.86%"
"12/30/2021","84.74","85.39","86.83","84.39","56.64M","-0.94%"
"12/29/2021","85.54","85.65","86.50","83.98","57.75M","-0.16%"
"12/28/2021","85.68","87.38","87.49","85.01","72.41M","-1.18%"
"12/27/2021","86.69","83.54","86.76","83.50","62.98M","4.78%"
"12/23/2021","82.74","81.08","83.64","80.99","65.65M","2.38%"
"12/22/2021","80.82","77.79","81.00","77.41","88.61M","3.57%"
"12/21/2021","78.04","75.08","78.22","72.86","109.56M","6.69%"
"12/20/2021","73.14","72.51","73.63","71.25","120.93M","-2.99%"
"12/17/2021","75.40","74.42","77.89","73.50","150.14M","-1.53%"
"12/16/2021","76.57","83.50","83.81","75.47","148.11M","-7.63%"
"12/15/2021","82.89","77.48","83.13","75.01","134.53M","6.62%"
"12/14/2021","77.75","77.06","78.78","74.92","115.47M","-2.98%"
"12/13/2021","80.14","83.74","83.94","79.89","89.57M","-4.30%"
"12/10/2021","83.74","82.89","83.92","80.89","101.54M","3.10%"
"12/09/2021","81.22","84.07","85.25","81.00","106.40M","-4.32%"
"12/08/2021","84.89","83.94","85.00","82.74","102.62M","1.39%"
"12/07/2021","83.72","80.89","84.14","80.87","135.29M","9.02%"
"12/06/2021","76.79","75.29","77.64","72.76","152.41M","2.34%"
"12/03/2021","75.04","80.00","80.64","72.46","240.29M","-5.02%"
"12/02/2021","79.01","76.71","80.26","75.82","198.22M","1.88%"
"12/01/2021","77.55","84.43","85.81","77.24","152.06M","-5.13%"
"11/30/2021","81.75","84.84","86.39","80.36","151.29M","-4.30%"
"11/29/2021","85.42","83.10","86.08","82.67","79.47M","6.21%"
"11/26/2021","80.42","83.39","84.32","79.36","88.84M","-5.52%"
"11/24/2021","85.11","82.65","85.28","81.17","99.12M","0.92%"
"11/23/2021","84.33","84.72","86.08","81.39","113.01M","-1.36%"
"11/22/2021","85.50","89.64","91.68","85.43","89.52M","-3.47%"
"11/19/2021","88.57","88.21","89.44","87.66","64.61M","1.69%"
"11/18/2021","87.10","85.84","87.45","84.39","86.84M","3.06%"
"11/17/2021","84.51","84.61","85.84","83.89","57.97M","0.12%"
"11/16/2021","84.41","82.14","84.70","82.03","51.59M","2.07%"
"11/15/2021","82.70","83.46","83.65","81.04","69.73M","-0.03%"
"11/12/2021","82.72","80.90","83.04","79.88","63.82M","3.17%"
"11/11/2021","80.18","81.38","81.50","79.95","57.72M","0.81%"
"11/10/2021","79.54","81.36","83.20","78.25","96.98M","-4.38%"
"11/09/2021","83.18","85.63","85.90","82.29","88.12M","-2.06%"
"11/08/2021","84.93","85.25","85.95","84.53","56.46M","-0.41%"
"11/05/2021","85.28","86.23","86.83","84.36","85.25M","0.37%"
"11/04/2021","84.96","82.71","85.67","82.36","80.44M","3.73%"
"11/03/2021","81.91","79.67","82.16","79.04","72.61M","3.17%"
"11/02/2021","79.39","78.01","79.68","77.98","60.09M","1.33%"
"11/01/2021","78.35","77.90","78.46","76.59","65.02M","0.99%"
"10/29/2021","77.58","74.60","77.70","74.39","67.26M","1.48%"
"10/28/2021","76.45","75.15","76.63","74.70","65.37M","3.28%"
"10/27/2021","74.02","73.78","75.86","73.63","72.53M","0.79%"
"10/26/2021","73.44","74.16","75.60","72.82","83.99M","0.93%"
"10/25/2021","72.76","71.49","73.36","70.36","59.48M","3.00%"
"10/22/2021","70.64","71.74","72.33","69.68","70.12M","-2.53%"
"10/21/2021","72.47","70.72","72.61","70.57","46.05M","1.79%"
"10/20/2021","71.20","71.75","72.11","70.34","59.36M","-0.32%"
"10/19/2021","71.43","70.52","71.51","70.14","53.23M","2.20%"
"10/18/2021","69.89","67.13","70.01","66.79","50.44M","3.00%"
"10/15/2021","67.86","67.30","67.93","66.71","51.43M","1.85%"
"10/14/2021","66.62","65.06","66.72","64.70","60.88M","5.52%"
"10/13/2021","63.13","62.89","63.47","61.80","70.46M","2.34%"
"10/12/2021","61.69","63.08","63.31","61.31","87.20M","-1.02%"
"10/11/2021","62.33","62.93","64.85","62.27","68.11M","-2.22%"
"10/08/2021","63.74","65.33","65.46","63.49","78.57M","-1.54%"
"10/07/2021","64.74","64.66","66.17","64.36","75.41M","2.71%"
"10/06/2021","63.03","60.13","63.16","59.63","117.50M","1.97%"
"10/05/2021","61.81","59.99","63.00","59.86","81.31M","3.85%"
"10/04/2021","59.52","62.55","62.74","58.24","128.62M","-6.15%"
"10/01/2021","63.42","62.63","64.00","60.42","104.35M","1.82%"
"09/30/2021","62.28","63.89","64.77","62.04","117.31M","-1.13%"
"09/29/2021","62.99","63.98","65.14","62.65","97.53M","-0.66%"
"09/28/2021","63.42","66.57","66.94","63.03","148.82M","-8.34%"
"09/27/2021","69.18","69.11","69.70","67.70","78.36M","-2.41%"
"09/24/2021","70.89","69.36","71.13","69.15","54.78M","0.28%"
"09/23/2021","70.69","69.46","71.29","69.08","69.37M","2.78%"
"09/22/2021","68.79","67.43","69.61","66.81","87.67M","2.93%"
"09/21/2021","66.83","67.69","68.38","66.29","71.70M","0.13%"
"09/20/2021","66.75","67.71","68.73","64.00","121.91M","-6.15%"
"09/17/2021","71.12","73.45","73.46","70.48","77.33M","-3.53%"
"09/16/2021","73.72","72.78","74.06","71.62","52.62M","0.20%"
"09/15/2021","73.58","72.25","73.78","70.88","55.89M","2.22%"
"09/14/2021","71.99","73.47","73.93","71.41","59.63M","-0.86%"
"09/13/2021","72.61","74.14","74.39","71.38","77.78M","-0.23%"
"09/10/2021","72.78","75.50","75.93","72.56","69.22M","-2.25%"
"09/09/2021","74.45","75.36","76.05","74.29","55.29M","-1.07%"
"09/08/2021","75.25","75.90","75.93","73.86","63.42M","-1.03%"
"09/07/2021","76.04","75.78","76.44","75.08","45.19M","0.41%"
"09/03/2021","75.72","74.35","75.97","74.33","46.65M","0.90%"
"09/02/2021","75.05","75.97","76.17","74.30","47.65M","-0.14%"
"09/01/2021","75.15","75.42","76.41","75.04","47.78M","0.55%"
"08/31/2021","74.75","75.11","75.15","73.85","45.90M","-0.28%"
"08/30/2021","74.96","73.00","75.26","72.97","45.64M","3.31%"
"08/27/2021","72.55","70.85","72.80","70.57","46.16M","2.92%"
"08/26/2021","70.49","71.33","71.75","70.22","53.50M","-1.69%"
"08/25/2021","71.71","71.75","72.20","71.32","38.06M","0.11%"
"08/24/2021","71.63","71.31","71.97","71.04","36.34M","0.99%"
"08/23/2021","70.93","68.51","71.35","68.50","48.27M","4.46%"
"08/20/2021","67.90","66.47","68.14","66.29","62.54M","3.09%"
"08/19/2021","65.86","63.87","66.80","63.72","81.62M","1.42%"
"08/18/2021","64.94","66.55","67.36","64.75","65.04M","-2.91%"
"08/17/2021","66.89","67.11","67.68","65.49","83.20M","-2.63%"
"08/16/2021","68.69","67.97","68.71","65.75","61.32M","0.18%"
"08/13/2021","68.57","68.09","68.81","67.82","36.65M","1.00%"
"08/12/2021","67.89","66.90","68.10","66.12","39.81M","1.04%"
"08/11/2021","67.19","68.25","68.53","66.42","46.59M","-0.54%"
"08/10/2021","67.56","68.89","69.06","66.86","53.08M","-1.49%"
"08/09/2021","68.58","68.46","68.89","67.84","34.21M","0.54%"
"08/06/2021","68.21","68.39","68.96","67.58","43.15M","-1.30%"
"08/05/2021","69.11","68.28","69.24","67.90","38.67M","1.88%"
"08/04/2021","67.84","67.54","68.38","66.90","48.43M","0.50%"
"08/03/2021","67.50","66.72","67.60","64.93","63.42M","1.74%"
"08/02/2021","66.35","67.27","67.60","66.01","54.56M","-0.03%"
"07/30/2021","66.37","65.18","66.68","65.14","56.56M","-1.50%"
"07/29/2021","67.38","66.74","68.06","66.73","44.32M","0.49%"
"07/28/2021","67.05","66.93","67.93","65.64","71.97M","1.09%"
"07/27/2021","66.32","68.42","68.42","63.92","89.39M","-3.27%"
"07/26/2021","68.57","68.01","68.79","67.52","42.99M","0.42%"
"07/23/2021","68.28","66.85","68.56","66.15","51.95M","3.32%"
"07/22/2021","66.08","64.93","66.10","64.92","47.48M","2.10%"
"07/21/2021","64.72","63.15","64.79","63.00","40.88M","2.28%"
"07/20/2021","63.28","61.72","64.15","60.78","60.77M","3.30%"
"07/19/2021","61.26","60.90","61.50","59.83","101.14M","-2.40%"
"07/16/2021","62.76","64.83","65.36","62.58","63.70M","-2.46%"
"07/15/2021","64.35","65.71","65.79","63.23","68.60M","-2.07%"
"07/14/2021","65.71","66.68","67.04","65.28","68.02M","0.54%"
"07/13/2021","65.35","65.19","67.03","64.90","59.73M","-0.05%"
"07/12/2021","65.39","65.40","65.64","64.53","43.56M","1.25%"
"07/09/2021","64.57","63.14","64.90","62.81","46.44M","1.69%"
"07/08/2021","63.50","61.84","63.93","61.12","76.26M","-1.73%"
"07/07/2021","64.62","65.45","65.61","63.55","57.64M","0.64%"
"07/06/2021","64.21","63.72","64.38","62.25","54.80M","1.34%"
"07/02/2021","63.36","62.32","63.58","62.19","46.75M","3.39%"
"07/01/2021","61.28","61.04","61.57","60.33","41.92M","0.05%"
"06/30/2021","61.25","61.44","61.65","60.92","40.27M","-0.44%"
"06/29/2021","61.52","60.78","61.54","60.33","37.28M","1.13%"
"06/28/2021","60.83","59.38","60.94","59.37","44.39M","3.54%"
"06/25/2021","58.76","59.24","59.38","58.42","43.50M","-0.31%"
"06/24/2021","58.94","58.87","59.74","58.60","46.84M","1.84%"
"06/23/2021","57.88","57.78","58.48","57.46","47.00M","0.17%"
"06/22/2021","57.78","56.15","58.03","55.99","51.79M","2.79%"
"06/21/2021","56.21","55.31","56.40","54.19","53.85M","1.83%"
"06/18/2021","55.19","55.71","56.29","54.84","71.45M","-2.39%"
"06/17/2021","56.54","53.98","57.04","53.97","72.16M","3.73%"
"06/16/2021","54.51","55.31","55.84","52.76","78.89M","-1.07%"
"06/15/2021","55.10","56.01","56.17","54.73","45.05M","-1.85%"
"06/14/2021","56.14","54.82","56.19","54.25","45.41M","2.80%"
"06/11/2021","54.61","54.21","54.62","53.88","34.17M","0.79%"
"06/10/2021","54.18","52.72","54.25","52.50","58.60M","3.06%"
"06/09/2021","52.57","53.18","53.56","52.47","38.90M","0.11%"
"06/08/2021","52.51","53.29","53.71","51.71","46.47M","0.11%"
"06/07/2021","52.45","51.72","52.48","51.41","31.10M","0.88%"
"06/04/2021","51.99","50.31","52.19","50.26","45.59M","5.13%"
"06/03/2021","49.46","49.74","50.33","48.69","60.52M","-3.14%"
"06/02/2021","51.06","50.97","51.49","50.26","41.59M","0.52%"
"06/01/2021","50.79","51.92","52.15","50.14","51.93M","-0.97%"
"05/28/2021","51.29","51.39","52.05","51.15","40.93M","0.97%"
"05/27/2021","50.80","51.19","51.58","50.72","41.61M","-1.17%"
"05/26/2021","51.40","51.18","51.62","50.86","39.02M","1.01%"
"05/25/2021","50.88","51.37","51.72","50.31","53.36M","0.48%"
"05/24/2021","50.64","49.28","51.17","49.11","46.09M","5.01%"
"05/21/2021","48.22","49.77","49.97","48.06","64.07M","-1.65%"
"05/20/2021","49.03","47.03","49.43","46.92","69.61M","5.78%"
"05/19/2021","46.35","43.83","46.49","43.67","95.95M","0.37%"
"05/18/2021","46.19","47.60","48.14","46.10","65.84M","-2.10%"
"05/17/2021","47.17","47.26","47.58","45.87","69.27M","-1.69%"
"05/14/2021","47.99","46.44","48.44","46.21","72.13M","6.50%"
"05/13/2021","45.06","45.30","46.34","44.04","104.30M","2.11%"
"05/12/2021","44.13","45.51","46.58","43.66","118.08M","-7.61%"
"05/11/2021","47.76","45.29","48.12","45.00","114.40M","-0.50%"
"05/10/2021","48.00","51.24","51.33","47.88","92.11M","-7.51%"
"05/07/2021","51.90","51.99","53.04","51.39","79.35M","2.45%"
"05/06/2021","50.66","49.44","50.74","48.40","84.83M","2.19%"
"05/05/2021","49.58","51.02","51.42","49.20","68.22M","-1.17%"
"05/04/2021","50.16","51.72","51.85","48.22","105.62M","-5.27%"
"05/03/2021","52.95","54.38","54.74","52.72","67.11M","-1.63%"
"04/30/2021","53.83","53.65","54.90","53.35","59.22M","-1.88%"
"04/29/2021","54.86","55.93","56.12","53.29","74.06M","1.00%"
"04/28/2021","54.31","54.69","55.20","53.99","59.48M","-1.03%"
"04/27/2021","54.88","55.74","55.83","54.38","59.66M","-1.31%"
"04/26/2021","55.61","54.65","55.74","54.28","49.99M","1.98%"
"04/23/2021","54.53","52.86","55.16","52.86","53.94M","3.77%"
"04/22/2021","52.55","54.33","54.81","51.97","87.42M","-3.64%"
"04/21/2021","54.53","52.50","54.62","52.01","55.53M","2.53%"
"04/20/2021","53.19","54.03","54.66","52.19","79.14M","-2.19%"
"04/19/2021","54.38","55.08","55.69","53.38","79.58M","-2.73%"
"04/16/2021","55.90","55.96","55.99","54.95","58.74M","0.42%"
"04/15/2021","55.67","54.69","55.88","54.62","60.40M","4.42%"
"04/14/2021","53.31","55.40","55.47","52.88","80.61M","-3.51%"
"04/13/2021","55.26","54.19","55.50","54.06","57.51M","3.43%"
"04/12/2021","53.42","53.15","53.62","52.49","54.82M","-0.39%"
"04/09/2021","53.63","52.01","53.73","51.66","64.72M","1.81%"
"04/08/2021","52.68","52.46","52.77","52.05","56.81M","3.12%"
"04/07/2021","51.08","50.51","51.49","50.05","49.49M","0.74%"
"04/06/2021","50.71","50.68","51.64","50.35","60.30M","-0.24%"
"04/05/2021","50.83","49.10","51.19","48.99","65.27M","6.01%"
"04/01/2021","47.95","47.32","48.01","47.21","72.54M","5.08%"
"03/31/2021","45.63","44.40","46.30","44.26","80.98M","4.49%"
"03/30/2021","43.67","43.47","43.90","42.48","74.18M","-1.42%"
"03/29/2021","44.30","44.12","44.77","42.86","95.30M","-0.06%"
"03/26/2021","44.33","42.36","44.49","41.76","107.53M","4.42%"
"03/25/2021","42.45","41.91","43.09","40.83","119.94M","-0.54%"
"03/24/2021","42.68","45.54","45.56","42.63","95.24M","-5.05%"
"03/23/2021","44.95","46.03","46.61","44.58","93.89M","-1.31%"
"03/22/2021","45.54","44.15","46.44","44.15","70.55M","5.33%"
"03/19/2021","43.24","42.63","43.78","41.70","96.64M","1.28%"
"03/18/2021","42.69","44.81","45.25","42.47","114.76M","-9.18%"
"03/17/2021","47.01","45.06","47.87","44.31","98.19M","1.26%"
"03/16/2021","46.42","46.67","47.99","45.80","84.39M","1.64%"
"03/15/2021","45.67","44.40","45.76","43.69","63.67M","3.20%"
"03/12/2021","44.26","43.58","44.33","42.53","83.30M","-2.49%"
"03/11/2021","45.39","44.51","46.13","44.07","79.47M","6.94%"
"03/10/2021","42.44","44.63","44.75","42.15","101.69M","-0.85%"
"03/09/2021","42.81","41.23","43.58","40.97","86.72M","11.78%"
"03/08/2021","38.30","41.64","42.42","38.13","117.87M","-8.55%"
"03/05/2021","41.88","41.15","42.24","37.51","168.33M","4.48%"
"03/04/2021","40.08","41.99","43.32","38.44","216.02M","-4.94%"
"03/03/2021","42.17","45.69","46.10","42.12","115.77M","-8.67%"
"03/02/2021","46.17","48.77","48.84","46.05","75.85M","-4.79%"
"03/01/2021","48.50","46.68","48.65","46.10","66.85M","8.72%"
"02/26/2021","44.61","45.19","46.58","43.13","104.66M","1.50%"
"02/25/2021","43.95","47.81","49.03","43.22","118.90M","-10.44%"
"02/24/2021","49.08","46.62","49.24","45.45","61.52M","2.41%"
"02/23/2021","47.92","45.89","48.68","43.21","99.64M","-0.89%"
"02/22/2021","48.35","50.27","50.90","48.25","66.37M","-7.75%"
"02/19/2021","52.41","53.82","53.84","51.93","46.69M","-1.32%"
"02/18/2021","53.11","52.03","53.48","51.14","55.10M","-1.35%"
"02/17/2021","53.83","53.12","53.97","52.01","53.32M","-1.39%"
"02/16/2021","54.60","55.48","55.93","54.04","44.33M","-0.84%"
"02/12/2021","55.06","53.79","55.15","53.22","38.74M","1.70%"
"02/11/2021","54.13","54.08","54.37","52.98","49.43M","1.61%"
"02/10/2021","53.28","54.39","54.60","51.73","61.77M","-0.71%"
"02/09/2021","53.65","53.24","54.28","53.24","32.88M","-0.05%"
"02/08/2021","53.68","53.48","53.78","52.67","38.50M","1.96%"
"02/05/2021","52.65","52.60","53.15","51.78","43.31M","1.05%"
"02/04/2021","52.10","51.02","52.15","50.38","36.40M","3.54%"
"02/03/2021","50.33","51.97","52.12","50.33","47.59M","-1.15%"
"02/02/2021","50.91","49.94","51.48","49.88","46.37M","4.84%"
"02/01/2021","48.56","46.78","49.01","45.87","52.83M","7.35%"
"01/29/2021","45.24","47.45","47.96","44.38","92.14M","-6.23%"
"01/28/2021","48.24","47.94","50.50","47.67","45.01M","1.47%"
"01/27/2021","47.54","50.63","50.65","46.50","94.45M","-8.06%"
"01/26/2021","51.71","51.86","52.29","51.09","45.48M","0.11%"
"01/25/2021","51.65","51.88","52.53","48.40","76.59M","2.78%"
"01/22/2021","50.26","50.21","50.76","49.94","40.94M","-0.91%"
"01/21/2021","50.72","50.13","51.07","49.50","46.34M","2.49%"
"01/20/2021","49.49","47.93","49.94","47.76","60.87M","6.97%"
"01/19/2021","46.26","45.36","46.52","44.90","60.48M","4.34%"
"01/15/2021","44.34","45.35","45.78","43.77","70.85M","-2.43%"
"01/14/2021","45.45","46.38","46.83","45.24","59.12M","-1.52%"
"01/13/2021","46.15","45.39","46.55","45.13","54.38M","1.94%"
"01/12/2021","45.27","45.53","46.00","44.10","73.02M","-0.43%"
"01/11/2021","45.47","46.20","46.74","45.20","70.65M","-4.42%"
"01/08/2021","47.57","46.83","47.72","45.85","76.41M","3.88%"
"01/07/2021","45.79","43.84","46.16","43.84","61.85M","7.22%"
"01/06/2021","42.71","42.47","44.58","42.06","105.37M","-4.14%"
"01/05/2021","44.55","43.07","44.64","43.07","59.36M","2.51%"
"01/04/2021","43.46","46.02","46.10","41.71","98.74M","-4.37%"
"12/31/2020","45.45","45.07","45.62","44.58","53.35M","0.78%"
"12/30/2020","45.10","45.61","45.75","44.82","52.40M","-0.02%"
"12/29/2020","45.10","45.59","45.85","44.70","60.57M","0.29%"
"12/28/2020","44.97","44.79","45.19","44.01","58.53M","3.00%"
"12/24/2020","43.66","43.23","43.86","43.18","38.53M","1.30%"
"12/23/2020","43.10","43.76","43.94","43.04","59.72M","-1.51%"
"12/22/2020","43.76","43.83","44.18","42.54","81.00M","0.79%"
"12/21/2020","43.42","42.39","43.65","41.17","101.80M","-0.37%"
"12/18/2020","43.58","44.39","44.48","42.63","84.38M","-1.09%"
"12/17/2020","44.06","43.91","44.17","43.40","69.64M","2.05%"
"12/16/2020","43.18","42.69","43.56","42.24","68.80M","1.68%"
"12/15/2020","42.47","42.15","42.50","41.23","78.99M","3.11%"
"12/14/2020","41.19","40.81","42.01","40.79","73.34M","2.13%"
"12/11/2020","40.33","39.91","40.38","38.97","84.91M","-0.70%"
"12/10/2020","40.61","39.26","41.07","38.81","86.67M","1.23%"
"12/09/2020","40.12","42.96","43.06","39.65","122.44M","-6.70%"
"12/08/2020","43.00","42.41","43.17","41.65","66.96M","0.92%"
"12/07/2020","42.61","41.97","42.76","41.90","62.01M","1.69%"
"12/04/2020","41.90","41.40","41.96","41.13","63.54M","1.23%"
"12/03/2020","41.39","41.32","42.05","41.09","78.73M","0.41%"
"12/02/2020","41.22","40.55","41.36","39.79","73.07M","0.40%"
"12/01/2020","41.06","40.45","41.74","40.03","85.40M","3.93%"
"11/30/2020","39.51","39.43","39.70","37.65","92.31M","0.52%"
"11/27/2020","39.30","39.01","39.77","38.88","46.46M","2.73%"
"11/25/2020","38.26","37.93","38.50","37.61","64.34M","1.88%"
"11/24/2020","37.55","36.46","37.76","35.77","78.01M","4.09%"
"11/23/2020","36.08","36.46","36.94","35.19","89.53M","0.02%"
"11/20/2020","36.07","36.76","37.07","36.03","65.00M","-2.03%"
"11/19/2020","36.81","35.73","36.92","35.49","79.67M","2.48%"
"11/18/2020","35.92","36.56","37.19","35.92","77.17M","-2.32%"
"11/17/2020","36.78","37.20","37.34","36.53","91.35M","-0.92%"
"11/16/2020","37.12","36.19","37.25","35.94","106.88M","2.30%"
"11/13/2020","36.28","35.94","36.52","35.17","104.90M","2.62%"
"11/12/2020","35.36","36.21","36.73","34.93","143.86M","-1.46%"
"11/11/2020","35.88","34.52","36.05","34.37","126.83M","6.72%"
"11/10/2020","33.62","34.28","34.81","32.59","168.67M","-5.40%"
"11/09/2020","35.54","38.92","39.60","35.37","165.87M","-6.10%"
"11/06/2020","37.85","37.47","38.14","36.01","135.15M","0.34%"
"11/05/2020","37.72","37.42","38.14","36.90","150.13M","7.72%"
"11/04/2020","35.02","33.90","35.66","33.33","169.19M","13.52%"
"11/03/2020","30.85","30.00","31.60","29.65","134.97M","5.03%"
"11/02/2020","29.37","29.95","30.52","28.40","151.14M","0.03%"
"10/30/2020","29.36","30.89","31.18","28.39","231.17M","-6.96%"
"10/29/2020","31.56","30.49","32.62","30.31","138.19M","5.09%"
"10/28/2020","30.03","32.35","32.56","29.95","184.72M","-11.73%"
"10/27/2020","34.02","33.57","34.30","33.13","111.93M","2.36%"
"10/26/2020","33.24","33.94","34.99","31.87","158.56M","-4.56%"
"10/23/2020","34.83","34.85","34.86","33.72","95.54M","0.58%"
"10/22/2020","34.62","34.92","35.25","33.37","119.58M","0.05%"
"10/21/2020","34.60","34.77","35.75","34.43","121.29M","-0.26%"
"10/20/2020","34.69","34.74","35.85","34.15","137.36M","0.65%"
"10/19/2020","34.47","37.01","37.38","34.09","138.78M","-4.97%"
"10/16/2020","36.28","37.52","38.07","36.13","114.05M","-1.53%"
"10/15/2020","36.84","35.76","37.10","35.49","124.54M","-2.07%"
"10/14/2020","37.62","38.92","39.30","36.91","148.98M","-2.47%"
"10/13/2020","38.57","39.30","39.58","38.04","141.93M","0.01%"
"10/12/2020","38.56","37.10","39.68","36.72","147.06M","9.33%"
"10/09/2020","35.28","34.38","35.35","34.24","97.64M","4.45%"
"10/08/2020","33.77","34.11","34.15","33.38","98.95M","1.47%"
"10/07/2020","33.28","32.54","33.53","32.35","112.54M","5.26%"
"10/06/2020","31.62","33.10","33.78","31.29","172.82M","-5.37%"
"10/05/2020","33.42","32.12","33.53","32.06","105.40M","6.31%"
"10/02/2020","31.43","32.03","33.41","31.08","199.78M","-8.25%"
"10/01/2020","34.26","34.14","34.52","33.44","139.34M","4.68%"
"09/30/2020","32.72","32.15","33.88","32.06","169.38M","1.98%"
"09/29/2020","32.09","32.37","32.71","31.88","111.39M","-1.05%"
"09/28/2020","32.43","32.32","32.50","31.39","136.67M","5.93%"
"09/25/2020","30.61","28.77","30.89","28.26","162.24M","7.01%"
"09/24/2020","28.61","27.42","29.68","27.29","187.52M","1.46%"
"09/23/2020","28.20","30.96","31.04","27.93","202.75M","-9.26%"
"09/22/2020","31.08","30.30","31.28","29.11","157.53M","5.46%"
"09/21/2020","29.47","27.81","29.49","27.02","187.66M","1.18%"
"09/18/2020","29.12","30.72","30.86","27.69","231.52M","-3.86%"
"09/17/2020","30.29","29.30","30.99","29.01","223.42M","-4.61%"
"09/16/2020","31.75","33.63","33.83","31.65","153.59M","-4.80%"
"09/15/2020","33.35","33.33","33.86","32.74","150.44M","4.25%"
"09/14/2020","32.00","31.75","32.70","31.27","134.52M","5.15%"
"09/11/2020","30.43","31.75","32.05","29.20","192.90M","-2.19%"
"09/10/2020","31.11","34.13","34.60","30.43","232.97M","-5.78%"
"09/09/2020","33.02","32.26","33.80","31.42","145.18M","8.59%"
"09/08/2020","30.41","31.24","33.49","30.26","213.41M","-14.13%"
"09/04/2020","35.41","36.35","37.58","30.97","280.74M","-4.12%"
"09/03/2020","36.93","41.68","41.85","35.71","221.51M","-15.36%"
"09/02/2020","43.63","43.87","43.92","41.17","144.68M","2.82%"
"09/01/2020","42.44","41.48","42.49","40.74","96.92M","5.19%"
"08/31/2020","40.34","39.63","41.13","39.46","90.20M","2.31%"
"08/28/2020","39.43","39.32","39.68","38.79","99.07M","1.55%"
"08/27/2020","38.83","39.65","39.97","37.90","151.30M","-0.91%"
"08/26/2020","39.18","37.32","39.26","37.27","109.83M","6.40%"
"08/25/2020","36.83","35.71","36.86","35.52","86.28M","2.33%"
"08/24/2020","35.99","36.55","36.89","35.11","125.69M","1.85%"
"08/21/2020","35.33","34.67","35.50","34.45","82.14M","2.09%"
"08/20/2020","34.61","32.94","34.80","32.79","76.39M","4.11%"
"08/19/2020","33.24","33.90","34.30","33.07","102.92M","-1.95%"
"08/18/2020","33.90","33.36","34.10","32.82","74.66M","2.94%"
"08/17/2020","32.94","32.47","33.09","32.42","63.33M","3.30%"
"08/14/2020","31.88","32.17","32.30","31.35","99.87M","-0.29%"
"08/13/2020","31.98","32.02","32.79","31.63","117.14M","0.70%"
"08/12/2020","31.75","30.27","32.09","30.27","110.92M","7.48%"
"08/11/2020","29.54","30.89","31.36","29.35","155.14M","-5.68%"
"08/10/2020","31.32","31.82","31.90","30.04","127.16M","-1.35%"
"08/07/2020","31.75","32.65","32.96","30.92","148.35M","-3.27%"
"08/06/2020","32.82","31.53","32.98","31.31","96.03M","3.83%"
"08/05/2020","31.61","31.54","31.77","31.23","81.48M","0.80%"
"08/04/2020","31.36","30.83","31.41","30.58","105.50M","1.30%"
"08/03/2020","30.96","30.56","31.28","30.51","108.93M","3.73%"
"07/31/2020","29.84","29.83","29.88","28.22","180.00M","5.39%"
"07/30/2020","28.32","27.23","28.49","26.84","151.10M","1.62%"
"07/29/2020","27.86","27.42","28.15","27.29","97.14M","3.40%"
"07/28/2020","26.95","27.77","27.93","26.84","119.35M","-3.76%"
"07/27/2020","28.00","27.15","28.14","26.87","133.81M","5.37%"
"07/24/2020","26.57","26.13","27.04","25.25","178.61M","-2.96%"
"07/23/2020","27.38","29.58","29.81","26.89","168.32M","-7.83%"
"07/22/2020","29.71","29.54","30.03","28.91","113.90M","1.16%"
"07/21/2020","29.37","30.90","30.92","29.10","147.84M","-3.20%"
"07/20/2020","30.34","28.20","30.56","27.77","125.81M","8.51%"
"07/17/2020","27.96","28.04","28.26","27.25","115.50M","0.47%"
"07/16/2020","27.83","27.51","28.09","26.75","149.99M","-2.14%"
"07/15/2020","28.44","28.72","29.06","27.35","183.77M","0.49%"
"07/14/2020","28.30","26.90","28.43","25.85","229.88M","2.12%"
"07/13/2020","27.71","30.51","31.49","27.42","187.29M","-6.18%"
"07/10/2020","29.54","28.85","29.61","27.97","121.40M","2.12%"
"07/09/2020","28.92","28.85","29.17","27.47","158.80M","2.50%"
"07/08/2020","28.22","27.61","28.24","27.12","119.97M","3.85%"
"07/07/2020","27.17","27.64","28.54","27.06","123.05M","-1.97%"
"07/06/2020","27.72","26.83","27.89","26.82","105.99M","7.35%"
"07/02/2020","25.82","26.07","26.47","25.68","114.08M","2.13%"
"07/01/2020","25.28","24.47","25.62","24.31","126.07M","3.57%"
"06/30/2020","24.41","23.08","24.62","23.03","125.69M","5.75%"
"06/29/2020","23.08","22.30","23.11","21.57","129.81M","3.20%"
"06/26/2020","22.37","24.00","24.08","22.23","187.97M","-7.19%"
"06/25/2020","24.10","23.48","24.18","22.68","150.85M","2.65%"
"06/24/2020","23.48","24.73","25.12","22.96","196.41M","-5.89%"
"06/23/2020","24.95","24.84","25.66","24.67","117.45M","2.61%"
"06/22/2020","24.32","23.48","24.39","23.38","110.07M","3.56%"
"06/19/2020","23.48","24.24","24.31","22.99","144.98M","-0.14%"
"06/18/2020","23.51","23.24","23.59","23.01","106.39M","0.77%"
"06/17/2020","23.33","23.54","23.86","23.10","129.43M","0.97%"
"06/16/2020","23.11","23.35","23.53","22.08","191.61M","5.29%"
"06/15/2020","21.95","20.27","22.17","20.01","199.09M","3.53%"
"06/12/2020","21.20","22.07","22.41","20.11","205.94M","2.17%"
"06/11/2020","20.75","23.15","23.55","20.70","191.67M","-14.72%"
"06/10/2020","24.33","23.99","24.81","23.84","151.46M","3.61%"
"06/09/2020","23.49","22.72","23.75","22.68","106.59M","2.23%"
"06/08/2020","22.97","22.40","23.02","21.98","109.27M","2.22%"
"06/05/2020","22.47","21.48","22.63","21.38","140.70M","5.93%"
"06/04/2020","21.22","21.56","21.97","20.84","133.20M","-2.03%"
"06/03/2020","21.66","21.54","21.87","21.30","107.52M","1.36%"
"06/02/2020","21.36","21.06","21.39","20.41","125.36M","1.99%"
"06/01/2020","20.95","20.51","21.06","20.41","105.58M","1.23%"
"05/29/2020","20.69","20.01","20.83","19.58","179.47M","4.13%"
"05/28/2020","19.87","19.65","20.80","19.64","152.61M","-0.64%"
"05/27/2020","20.00","19.53","20.01","18.34","173.64M","1.41%"
"05/26/2020","19.72","20.76","20.83","19.59","122.60M","-0.42%"
"05/22/2020","19.81","19.52","19.87","19.26","104.83M","0.90%"
"05/21/2020","19.63","20.31","20.48","19.48","161.35M","-3.07%"
"05/20/2020","20.25","19.80","20.38","19.80","142.71M","5.85%"
"05/19/2020","19.13","19.34","19.89","19.10","130.72M","-0.77%"
"05/18/2020","19.28","19.00","19.55","18.81","148.82M","5.79%"
"05/15/2020","18.22","17.18","18.27","17.07","178.90M","1.72%"
"05/14/2020","17.92","17.01","17.92","16.53","201.50M","3.32%"
"05/13/2020","17.34","18.15","18.61","16.69","245.56M","-3.79%"
"05/12/2020","18.02","19.37","19.53","18.01","169.68M","-5.95%"
"05/11/2020","19.16","18.37","19.48","18.31","134.69M","2.49%"
"05/08/2020","18.70","18.39","18.74","18.13","131.42M","4.03%"
"05/07/2020","17.97","17.96","18.19","17.64","144.74M","3.90%"
"05/06/2020","17.30","17.39","17.78","17.10","155.94M","1.97%"
"05/05/2020","16.96","16.93","17.56","16.80","144.36M","3.19%"
"05/04/2020","16.44","15.63","16.48","15.52","100.38M","3.53%"
"05/01/2020","15.88","16.33","16.83","15.63","173.12M","-8.97%"
"04/30/2020","17.44","17.60","17.62","16.99","190.27M","0.66%"
"04/29/2020","17.33","16.76","17.59","16.52","173.05M","10.40%"
"04/28/2020","15.69","17.06","17.06","15.65","193.12M","-5.41%"
"04/27/2020","16.59","16.80","16.90","16.41","152.37M","1.95%"
"04/24/2020","16.27","15.64","16.35","15.30","159.18M","4.83%"
"04/23/2020","15.52","15.81","16.40","15.43","212.43M","-0.66%"
"04/22/2020","15.63","15.26","15.91","15.08","137.95M","8.85%"
"04/21/2020","14.36","15.66","15.78","14.08","259.74M","-11.06%"
"04/20/2020","16.14","16.30","16.88","16.11","193.50M","-3.24%"
"04/17/2020","16.68","16.92","17.02","16.01","231.78M","2.50%"
"04/16/2020","16.27","15.95","16.52","15.49","281.46M","5.36%"
"04/15/2020","15.45","15.23","15.85","14.92","215.84M","-3.32%"
"04/14/2020","15.98","15.01","16.10","14.85","245.02M","12.98%"
"04/13/2020","14.14","13.50","14.22","13.27","213.48M","3.48%"
"04/09/2020","13.67","13.98","14.18","13.32","276.65M","0.37%"
"04/08/2020","13.62","13.17","13.75","12.82","259.09M","6.39%"
"04/07/2020","12.80","13.98","14.07","12.75","329.00M","-0.19%"
"04/06/2020","12.82","11.78","13.05","11.59","259.31M","20.93%"
"04/03/2020","10.60","10.97","11.25","10.22","277.24M","-4.03%"
"04/02/2020","11.05","10.30","11.08","10.19","233.76M","5.92%"
"04/01/2020","10.43","10.90","11.43","10.15","267.80M","-12.41%"
"03/31/2020","11.91","12.15","12.88","11.71","365.95M","-2.78%"
"03/30/2020","12.25","11.40","12.35","11.25","208.31M","10.51%"
"03/27/2020","11.09","11.41","12.08","10.95","278.57M","-10.39%"
"03/26/2020","12.37","10.96","12.50","10.92","324.62M","16.29%"
"03/25/2020","10.64","11.05","11.96","10.27","417.44M","-2.32%"
"03/24/2020","10.89","10.31","10.94","10.03","414.91M","22.29%"
"03/23/2020","8.90","8.98","9.50","8.07","410.04M","0.31%"
"03/20/2020","8.88","10.75","10.95","8.77","391.13M","-11.71%"
"03/19/2020","10.06","9.71","11.02","9.00","402.40M","2.31%"
"03/18/2020","9.83","9.07","10.38","8.18","424.50M","-9.26%"
"03/17/2020","10.83","9.85","11.28","8.94","381.01M","16.30%"
"03/16/2020","9.31","10.11","12.15","9.25","329.14M","-34.47%"
"03/13/2020","14.21","13.06","14.33","11.27","278.14M","26.99%"
"03/12/2020","11.19","12.38","14.38","11.10","309.11M","-27.41%"
"03/11/2020","15.41","16.44","16.81","14.75","217.42M","-12.86%"
"03/10/2020","17.69","17.00","17.73","15.25","228.13M","15.56%"
"03/09/2020","15.31","15.38","17.29","15.25","203.48M","-20.31%"
"03/06/2020","19.21","18.18","19.52","17.75","196.76M","-5.24%"
"03/05/2020","20.27","20.56","21.69","19.77","193.49M","-8.77%"
"03/04/2020","22.22","20.89","22.29","20.33","157.91M","12.14%"
"03/03/2020","19.82","22.09","22.88","19.22","274.06M","-9.42%"
"03/02/2020","21.88","19.82","21.93","18.99","181.76M","13.65%"
"02/28/2020","19.25","17.10","19.36","16.88","247.67M","1.56%"
"02/27/2020","18.95","20.58","21.60","18.90","212.56M","-14.95%"
"02/26/2020","22.29","22.32","23.43","21.79","170.27M","1.38%"
"02/25/2020","21.99","24.48","24.73","21.74","150.40M","-8.09%"
"02/24/2020","23.92","24.07","24.90","23.41","134.84M","-11.52%"
"02/21/2020","27.03","28.26","28.40","26.68","103.71M","-5.72%"
"02/20/2020","28.67","29.33","29.50","27.60","113.83M","-2.85%"
"02/19/2020","29.51","29.20","29.70","29.10","52.81M","2.89%"
"02/18/2020","28.68","28.23","28.86","28.15","65.57M","0.17%"
"02/14/2020","28.64","28.56","28.75","28.27","56.99M","0.68%"
"02/13/2020","28.44","27.95","28.77","27.84","77.64M","-0.39%"
"02/12/2020","28.55","28.22","28.59","28.02","60.80M","2.93%"
"02/11/2020","27.74","28.17","28.47","27.52","96.89M","0.07%"
"02/10/2020","27.72","26.50","27.73","26.48","61.63M","3.61%"
"02/07/2020","26.75","26.75","27.20","26.53","77.03M","-1.29%"
"02/06/2020","27.10","26.63","27.14","26.35","56.57M","2.44%"
"02/05/2020","26.46","27.14","27.15","25.97","87.31M","1.16%"
"02/04/2020","26.16","25.50","26.31","25.25","70.13M","6.83%"
"02/03/2020","24.49","23.78","24.67","23.73","87.09M","4.59%"
"01/31/2020","23.41","24.92","24.94","23.19","110.19M","-4.91%"
"01/30/2020","24.62","23.90","24.65","23.66","100.13M","1.13%"
"01/29/2020","24.34","24.66","24.74","24.05","69.29M","0.36%"
"01/28/2020","24.26","23.66","24.42","23.50","85.93M","4.65%"
"01/27/2020","23.18","23.06","23.59","22.55","99.31M","-6.18%"
"01/24/2020","24.71","25.73","25.80","24.38","119.69M","-2.59%"
"01/23/2020","25.36","25.08","25.40","24.74","71.79M","0.93%"
"01/22/2020","25.13","25.31","25.57","25.05","68.07M","0.68%"
"01/21/2020","24.96","24.76","25.13","24.74","69.44M","-0.05%"
"01/17/2020","24.98","24.93","25.03","24.57","72.20M","1.49%"
"01/16/2020","24.61","24.28","24.62","24.13","60.55M","2.79%"
"01/15/2020","23.94","23.94","24.28","23.70","66.50M","0.06%"
"01/14/2020","23.92","24.15","24.29","23.81","73.36M","-1.17%"
"01/13/2020","24.21","23.68","24.22","23.58","58.64M","3.50%"
"01/10/2020","23.39","23.85","23.87","23.28","68.88M","-0.82%"
"01/09/2020","23.58","23.56","23.72","23.18","73.19M","2.52%"
"01/08/2020","23.00","22.49","23.32","22.38","80.13M","2.30%"
"01/07/2020","22.49","22.53","22.69","22.29","57.53M","-0.12%"
"01/06/2020","22.51","21.57","22.52","21.49","64.39M","1.90%"
"01/03/2020","22.09","21.82","22.50","21.81","72.66M","-2.72%"
"01/02/2020","22.71","22.18","22.71","22.06","65.72M","4.96%"